ts,X_EE,Y_EE,Z_EE,Phi,X_base_meas,Z_base_meas,X_mid_meas,Z_mid_meas,X_end_meas,Z_end_meas,U_base,V_base,U_mid,V_mid,U_end,V_end,Base_angle,X_ang_start,Z_ang_start,X_ang_end,Z_ang_end,U_ang_start,V_ang_start,U_ang_end,V_ang_end,Goal_X,Goal_Z,Endpt_Sol_X,Endpt_Sol_Z
1693322100537673712,-0.4355069101229975,-0.2497791398957095,0.3180438110125059,1.6518891175260222,-0.4345682055957552,0.31802283165050416,-0.5900167249768579,0.21441348234633995,-0.6795177614292641,0.039021476319344384,357,610,125,755,-34,1014,0.0,0.0,0.0,0.0,0.0,[0.],[0.],[0.],[0.],-0.7,0.05,-0.699999997606734,0.0499999985163413
1693322148977604151,-0.3715204599335573,-0.24988271828763364,0.36039089744427466,1.3226560076072917,-0.3685761598034992,0.3612527909565957,-0.5071694969434288,0.2245658621506239,-0.5816036712168562,0.04366850424500501,453,551,245,741,112,1007,0.0,0.0,0.0,0.0,0.0,[0.],[0.],[0.],[0.],-0.6,0.05,-0.599999997385965,0.0499999982715945
1693322192741077900,-0.3040574104077715,-0.24975671612269545,0.38831171701900147,1.0620932325468828,-0.30158925453286284,0.3881595231185847,-0.41501024450369084,0.22919748780372873,-0.48137354709030006,0.04303463138596453,548,515,377,735,260,1008,0.0,0.0,0.0,0.0,0.0,[0.],[0.],[0.],[0.],-0.5,0.05,-0.499999999814197,0.0500000000640602
1693322230657592297,-0.23287234773957674,-0.24978820611760275,0.40752836939670106,0.8475482956858041,-0.2286075528890743,0.4087146690838997,-0.3245664526335645,0.23596063744576878,-0.38413783639936844,0.043061581212239464,650,488,506,726,403,1008,0.0,0.0,0.0,0.0,0.0,[0.],[0.],[0.],[0.],-0.4,0.05,-0.399999999621061,0.0500000002086299
1693322258719467640,-0.16468659307663724,-0.24978917546576873,0.42357977045580464,0.6221771792363584,-0.1592915070845469,0.4264268178666576,-0.2328006698282123,0.24064293105063705,-0.28586381302682756,0.04508786333807513,746,465,636,720,547,1005,0.0,0.0,0.0,0.0,0.0,[0.],[0.],[0.],[0.],-0.3,0.05,-0.29999999865407,0.0500000016827182
1693322289954858303,-0.09955314644566272,-0.24981182075113997,0.43607241164321464,0.38560225733239367,-0.09520350003670877,0.43822666662650717,-0.14192993337508222,0.2439231635685385,-0.1884602236491915,0.047124066023933486,834,450,764,716,689,1002,0.0,0.0,0.0,0.0,0.0,[0.],[0.],[0.],[0.],-0.2,0.05,-0.199999999889391,0.0499999998310313
1693322315678235769,-0.035901437005117956,-0.2498424894971994,0.4439217235703983,0.14484901817559634,-0.031440474050879526,0.44633099814926636,-0.05420832684146029,0.24933870880147357,-0.08848584883561061,0.04917150946585103,921,440,887,709,834,999,0.0,0.0,0.0,0.0,0.0,[0.],[0.],[0.],[0.],-0.0999999999999999,0.05,-0.0999999995492497,0.050000001019572
1693322342403817654,0.027281964848065998,-0.24981298134967084,0.4468216433183568,-0.0963602642097264,0.029683459134784956,0.4491726441360837,0.04261001700549106,0.25125427813035306,0.032865422661427404,0.04989431832577462,1004,437,1022,707,1009,998,0.0,0.0,0.0,0.0,0.0,[0.],[0.],[0.],[0.],1.11022302462516e-16,0.05,-1.15161880032133e-10,0.0500000002291379
1693322362948937893,0.08716327859660887,-0.24981577739063082,0.4443463105530682,-0.3589979006853487,0.08802674492437859,0.4482252528646254,0.12833508449633818,0.2524042129719303,0.1269535303595849,0.049934949036166354,1083,439,1141,706,1144,998,0.0,0.0,0.0,0.0,0.0,[0.],[0.],[0.],[0.],0.1,0.05,0.0999999999602299,0.0500000000630752
1693322418571687222,0.15050894258960873,-0.2497755734927363,0.43682828280494646,-0.6053940390102784,0.1500900949438556,0.4397736419123009,0.21588166253302332,0.2542839342390645,0.2214865138671516,0.05132655928763763,1167,451,1262,704,1279,996,0.0,0.0,0.0,0.0,0.0,[0.],[0.],[0.],[0.],0.2,0.05,0.199999999711297,0.0499999983195219
1693322447468577147,0.2168810881787725,-0.24976647978046915,0.4252720660305156,-0.8397911852432779,0.21509482636115024,0.42908882338803594,0.3028994744508352,0.25113530917046656,0.3184445739876661,0.049340937412614916,1255,466,1382,709,1417,999,0.0,0.0,0.0,0.0,0.0,[0.],[0.],[0.],[0.],0.3,0.05,0.29999999949449,0.0499999977221685
1693322495908560753,0.28371637761522683,-0.2496738647674727,0.4086298323807592,-1.08198481836712,0.2836127897790738,0.41243409170265,0.39382881410317405,0.24799527480250882,0.40863404728684405,0.04598989341506465,1348,489,1507,714,1545,1004,0.0,0.0,0.0,0.0,0.0,[0.],[0.],[0.],[0.],0.4,0.05,0.399999998320315,0.049999998904019
1693322768341991186,0.35285098387637603,-0.24980231943941195,0.3884504595864667,-1.3244134847608633,0.35558798704673816,0.39209748552975315,0.4842702945651023,0.24412160744919065,0.5035050405440207,0.044664572560797366,1446,517,1631,720,1679,1006,0.0,0.0,0.0,0.0,0.0,[0.],[0.],[0.],[0.],0.5,0.05,0.50000000125115,0.0499999982582035
1693322824131783724,0.4173828019569964,-0.24968379231031573,0.3568603217256128,-1.6338005053267317,0.4209150443923141,0.361359283647486,0.5713563671658399,0.24093972540332287,0.60226295370801,0.04265515048732327,1536,559,1750,725,1818,1009,0.0,0.0,0.0,0.0,0.0,[0.],[0.],[0.],[0.],0.6,0.05,0.599999999821453,0.0499999999889908
1693322898963194370,0.4770839783094074,-0.24984524934422447,0.3052630221997805,-2.056304344104771,0.48520279900540075,0.30727941840680395,0.6535453989338992,0.22908011097868386,0.6982761557956125,0.04540626451326757,1627,633,1863,742,1952,1005,0.0,0.0,0.0,0.0,0.0,[0.],[0.],[0.],[0.],0.7,0.05,0.699999997507323,0.0500000002055947
1693322961100195169,-0.4251360550048266,-0.24986705971320844,0.4023694723571028,1.7603595113267974,-0.4276959037070284,0.40402871012559993,-0.590064956500751,0.3155517816955752,-0.6821615734677554,0.1413607245464128,374,492,137,612,-23,861,0.0,0.0,0.0,0.0,0.0,[0.],[0.],[0.],[0.],-0.7,0.15,-0.699999996515515,0.149999999384496
1693323004529228210,-0.35492658427459184,-0.24999734595171014,0.4424445394475426,1.4694016290916705,-0.35335640657379636,0.4432571933828578,-0.5014003922405973,0.3204539348653289,-0.5829435996561072,0.13957675444621753,480,440,263,606,122,864,0.0,0.0,0.0,0.0,0.0,[0.],[0.],[0.],[0.],-0.6,0.15,-0.599999998981197,0.149999999668922
1693323065496971130,-0.28389087610649066,-0.24989489323328473,0.47176543079851313,1.2234385118756146,-0.280328266095887,0.46868966213631397,-0.4086659946917116,0.32468494744170273,-0.4813539654034992,0.13915271297298226,582,407,394,601,270,865,0.0,0.0,0.0,0.0,0.0,[0.],[0.],[0.],[0.],-0.5,0.15,-0.499999999735343,0.149999999317009
1693323095896993399,-0.20985503437878933,-0.24991049082904987,0.4924806006265009,1.0192538589798794,-0.2065232987968891,0.49286066579835613,-0.31618895761144006,0.32965719730953513,-0.3848656738112012,0.13939557470502817,684,376,524,595,410,865,0.0,0.0,0.0,0.0,0.0,[0.],[0.],[0.],[0.],-0.4,0.15,-0.399999999156665,0.150000000408647
1693323125128225565,-0.14113602671273429,-0.2499307530166202,0.5119643007925029,0.7890089810376687,-0.13709576639274465,0.513390286431348,-0.22612889865807495,0.3360892784494167,-0.2838970256091343,0.1423884606328475,779,350,650,587,556,861,0.0,0.0,0.0,0.0,0.0,[0.],[0.],[0.],[0.],-0.3,0.15,-0.299999999104907,0.149999998809494
1693323150517537594,-0.0768153642742644,-0.24996684759593657,0.5284080515974094,0.5399605356618562,-0.07443568678659059,0.5286344364039539,-0.13625752245646702,0.34182393458586857,-0.18590522849953178,0.14676270850846995,864,331,775,580,697,855,0.0,0.0,0.0,0.0,0.0,[0.],[0.],[0.],[0.],-0.2,0.15,-0.199999999142338,0.149999997510589
1693323167721980572,-0.02293430914090215,-0.2500020104148282,0.54165428550628,0.23078715144594103,-0.018813645832036457,0.5446641899825342,-0.04950804566931794,0.34683233241795397,-0.08664181112266063,0.15047430480410018,939,311,895,574,839,850,0.0,0.0,0.0,0.0,0.0,[0.],[0.],[0.],[0.],-0.0999999999999999,0.15,-0.100000000027165,0.149999997214814
1693323185260607719,0.025976351949918056,-0.24997471507414368,0.5467862005080574,-0.10517279143089456,0.02894080241973173,0.5514090266007494,0.042789516709707966,0.35117037750103774,0.029393400022466633,0.151485475092192,1003,303,1022,569,1004,849,0.0,0.0,0.0,0.0,0.0,[0.],[0.],[0.],[0.],1.11022302462516e-16,0.15,-1.26470275224611e-09,0.15000000071064
1693323203634380579,0.0729458460584859,-0.24997701843997627,0.5419767697554553,-0.4543145824652401,0.07530339601511221,0.5457749004019504,0.12384163103552258,0.3539724301295363,0.12412281369992789,0.15382763569551283,1065,311,1133,566,1138,846,0.0,0.0,0.0,0.0,0.0,[0.],[0.],[0.],[0.],0.1,0.15,0.099999998301808,0.150000000149499
1693323224681223869,0.1306043353083615,-0.24994066760436273,0.5304295979612823,-0.7441290352369311,0.13212437826428597,0.535626573850324,0.20886281029979578,0.3546018302393112,0.21711371881577934,0.1533949734097274,1141,325,1249,566,1269,847,0.0,0.0,0.0,0.0,0.0,[0.],[0.],[0.],[0.],0.2,0.15,0.199999998326,0.149999999975432
1693323253076812506,0.2016089551809456,-0.2498713488868075,0.5183131489124797,-0.9511242317351897,0.2016068947984497,0.5217718125028414,0.29776950319486645,0.35156922215715425,0.31106435979275215,0.14948321065586612,1234,344,1370,571,1401,853,0.0,0.0,0.0,0.0,0.0,[0.],[0.],[0.],[0.],0.3,0.15,0.299999999596023,0.149999998489842
1693323289657280922,0.26682589617788005,-0.24986944798989172,0.4982666632366604,-1.2148262350830183,0.2670743273728332,0.5009748322749584,0.38839415805214716,0.3477991910499142,0.40749947772037587,0.14626102712310507,1322,372,1493,577,1536,858,0.0,0.0,0.0,0.0,0.0,[0.],[0.],[0.],[0.],0.4,0.15,0.399999999471701,0.149999998568417
1693323329244661570,0.3353765572831044,-0.249880506180458,0.47390824834505996,-1.4736652119266531,0.33756523763075097,0.47875786524057806,0.47863324399669055,0.34549184344541717,0.5057999937714488,0.14442630238534837,1417,402,1615,581,1673,861,0.0,0.0,0.0,0.0,0.0,[0.],[0.],[0.],[0.],0.5,0.15,0.500000001540743,0.14999999813426
1693323376515513659,0.4054944949800483,-0.24979915172694353,0.4434961856612073,-1.7498481703444466,0.41048423395623845,0.4490329830481908,0.5660859253910987,0.34167470519091936,0.6031509889538054,0.14397854573585323,1516,442,1733,587,1808,862,0.0,0.0,0.0,0.0,0.0,[0.],[0.],[0.],[0.],0.6,0.15,0.599999999457967,0.149999997473268
1693323428129007578,0.47225760042415615,-0.24986270821345424,0.3968968910571067,-2.117308558415496,0.480398771143819,0.3998695091971545,0.6519803321604565,0.33413339232724726,0.6976241486255523,0.13932123678577424,1613,508,1849,598,1939,869,0.0,0.0,0.0,0.0,0.0,[0.],[0.],[0.],[0.],0.7,0.15,0.70000000089509,0.149999998331319
1693323485254848480,-0.41271806428425273,-0.25000780704457015,0.4809473371125458,1.9007680052133473,-0.41568181939153187,0.4815904635977645,-0.5851083883089611,0.4107517005293898,-0.6818471458135416,0.24392994110822275,397,388,155,481,-8,712,0.0,0.0,0.0,0.0,0.0,[0.],[0.],[0.],[0.],-0.7,0.25,-0.699999999135098,0.249999998501853
1693323531857610941,-0.3370690141580637,-0.25008243301203087,0.5197746722426908,1.6406291514238063,-0.3374956736619634,0.5210506474118584,-0.49588598221042607,0.41449151292542136,-0.584378663236906,0.238820908182364,507,337,280,477,132,720,0.0,0.0,0.0,0.0,0.0,[0.],[0.],[0.],[0.],-0.6,0.25,-0.59999999876926,0.249999998761349
1693323571110540867,-0.2604474816991345,-0.25000849486109844,0.5484789108342949,1.4234829873576107,-0.25773164995887365,0.5479852942557137,-0.4034244774025501,0.41975551793779614,-0.4862622938941981,0.23859657191130812,617,303,409,471,273,721,0.0,0.0,0.0,0.0,0.0,[0.],[0.],[0.],[0.],-0.5,0.25,-0.49999999897409,0.249999999891564
1693323601677975893,-0.1845546836670854,-0.2500647354654806,0.5720691118288046,1.2197453353160566,-0.1830033737441923,0.5728075156372019,-0.3119370617363355,0.4257778627842855,-0.38627413982346614,0.23767650470203283,719,272,536,464,416,723,0.0,0.0,0.0,0.0,0.0,[0.],[0.],[0.],[0.],-0.4,0.25,-0.399999999577,0.249999999346047
1693323625396889448,-0.10745323305943479,-0.2500323501370737,0.5906177090690669,1.0398243038287314,-0.10440771331815922,0.5893355966736934,-0.21627033958963926,0.4311224484264097,-0.2824601165869146,0.23958193685147522,825,252,668,458,564,721,0.0,0.0,0.0,0.0,0.0,[0.],[0.],[0.],[0.],-0.3,0.25,-0.299999999201184,0.249999999746557
1693323648447646618,-0.040655531529224645,-0.2500912273631817,0.6118296717765737,0.7933620370228762,-0.0350407811427979,0.6144865762843388,-0.12373810697477541,0.43721087724581126,-0.18244775211198772,0.24500530505368046,918,221,795,451,706,714,0.0,0.0,0.0,0.0,0.0,[0.],[0.],[0.],[0.],-0.2,0.25,-0.19999999975687,0.250000000418193
1693323671665714025,0.009840182467026545,-0.250020756839355,0.6334398334018392,0.44864294404761856,0.014578546487808576,0.6372200820296204,-0.03804474525690994,0.44476568062808824,-0.0818128618813638,0.2490441233960894,984,193,912,442,848,709,0.0,0.0,0.0,0.0,0.0,[0.],[0.],[0.],[0.],-0.0999999999999999,0.25,-0.100000003516755,0.249999999534201
1693323685362453222,0.040666465471212596,-0.25002437558210244,0.6464384199251367,-0.0090354055416949,0.044843860068949526,0.651110415514017,0.04075265474582361,0.45003206871814105,0.022250137334438893,0.2516988624981237,1024,176,1019,436,994,706,0.0,0.0,0.0,0.0,0.0,[0.],[0.],[0.],[0.],1.11022302462516e-16,0.25,-9.21457975026907e-11,0.249999998981805
1693323709415770292,0.04255041800912471,-0.25011534535620267,0.6345077794591512,-0.6615792388842056,0.04482019462721495,0.6392230598328982,0.11401745037443331,0.45677745384702734,0.12112906796071887,0.2543384655191834,1024,191,1118,428,1132,703,0.0,0.0,0.0,0.0,0.0,[0.],[0.],[0.],[0.],0.1,0.25,0.099999998872228,0.249999999755139
1693323738480149984,0.1015712327365829,-0.2500629922017854,0.6182035511245596,-0.9527751366964597,0.10224487906873851,0.6234212248821598,0.20006385956758352,0.4530765010415629,0.21391560405137358,0.2526725350168162,1100,212,1234,434,1261,706,0.0,0.0,0.0,0.0,0.0,[0.],[0.],[0.],[0.],0.2,0.25,0.199999999532072,0.24999999806776
1693323788423834562,0.16948440432401574,-0.2500457195227269,0.5998583096583701,-1.195753198250148,0.1701534164672992,0.6062114013828199,0.2878648337245461,0.4501368467358455,0.30843817675107954,0.24957799041775808,1190,235,1352,439,1392,711,0.0,0.0,0.0,0.0,0.0,[0.],[0.],[0.],[0.],0.3,0.25,0.299999999399584,0.250000000626737
1693323827677490473,0.24150090185677864,-0.24999874060777066,0.5791495274779862,-1.423717720034014,0.24313457136768604,0.5843922197338869,0.37896172156150054,0.4479749866470657,0.4068394273131506,0.24505974526321983,1287,264,1474,443,1528,718,0.0,0.0,0.0,0.0,0.0,[0.],[0.],[0.],[0.],0.4,0.25,0.399999999945665,0.249999998400844
1693323862253842115,0.31635792636421417,-0.2500018990536292,0.5554782058739615,-1.6478337099492706,0.31960565864416035,0.5595538338147825,0.4695689440536565,0.4450394538376933,0.5065130793212407,0.24411307527132786,1389,297,1595,448,1665,720,0.0,0.0,0.0,0.0,0.0,[0.],[0.],[0.],[0.],0.5,0.25,0.500000000245671,0.24999999678874
1693323901340276480,0.3907733432311864,-0.24992821238705623,0.5247103831191131,-1.9052806754303144,0.39640854111244234,0.5309243385378852,0.5611080179889486,0.4405817704415604,0.6066591216904408,0.24388074727932352,1492,335,1717,455,1802,721,0.0,0.0,0.0,0.0,0.0,[0.],[0.],[0.],[0.],0.6,0.25,0.599999999682659,0.249999999249024
1693323953121460915,0.46351591477877496,-0.249894316248954,0.48055009425288464,-2.234584494619222,0.47200334568228514,0.4870285637935671,0.6453933648304511,0.4368027220406796,0.6968727366541104,0.2428780740923171,1595,393,1829,461,1925,723,0.0,0.0,0.0,0.0,0.0,[0.],[0.],[0.],[0.],0.7,0.25,0.699999999143739,0.249999999270821
1693324005904567003,-0.39972506103977146,-0.2501251316527974,0.5539765426657013,2.0669965347176387,-0.40241707206853794,0.5562235961702638,-0.5782744426947343,0.504711990673173,-0.6825152824831219,0.34517473312243707,421,290,175,355,5,569,0.0,0.0,0.0,0.0,0.0,[0.],[0.],[0.],[0.],-0.7,0.35,-0.699999999499882,0.349999998827785
1693324051839345455,-0.31864638344014173,-0.25018653992844403,0.5912933651530929,1.8362026162306335,-0.32013107450263484,0.5912161599945938,-0.4894499889216298,0.5102311808019351,-0.5848545812699584,0.3372680124397427,535,246,298,349,143,581,0.0,0.0,0.0,0.0,0.0,[0.],[0.],[0.],[0.],-0.6,0.35,-0.600000000211271,0.349999998754279
1693324103453402519,-0.2368378549502914,-0.2501153684332022,0.6192993976825645,1.6458309816829213,-0.23796088846554503,0.6172392626248302,-0.3971038205841735,0.5135359452062962,-0.4837938257413891,0.33439453789646456,647,214,425,346,286,586,0.0,0.0,0.0,0.0,0.0,[0.],[0.],[0.],[0.],-0.5,0.35,-0.499999999760107,0.349999998632076
1693324147217037201,-0.15470364142755488,-0.2501707349833615,0.6417892736167186,1.47710017465467,-0.15336562912225812,0.6403986916338721,-0.2998727903514512,0.516145452985959,-0.38184343473542554,0.33511503614950966,761,186,558,344,430,586,0.0,0.0,0.0,0.0,0.0,[0.],[0.],[0.],[0.],-0.4,0.35,-0.399999997876809,0.349999999652424
1693324196826331615,-0.07578706652502899,-0.2501536354402033,0.6639790364502992,1.2939866359083068,-0.0740164333709908,0.6652825463138077,-0.20520443054580648,0.521787348215881,-0.2794074434485611,0.3358389662104232,867,156,687,338,574,586,0.0,0.0,0.0,0.0,0.0,[0.],[0.],[0.],[0.],-0.3,0.35,-0.299999999545944,0.349999999770539
1693324242594231606,0.005474639482230745,-0.2500621729407256,0.6811693502646814,1.1395333339125004,0.01145729497582514,0.6808892092872497,-0.11006247603105057,0.5305267608658715,-0.18018639516850915,0.3408865196492268,980,138,816,328,713,580,0.0,0.0,0.0,0.0,0.0,[0.],[0.],[0.],[0.],-0.2,0.35,-0.200000000010199,0.349999998292879
1693324275165962458,0.07578019017781883,-0.250129616514706,0.7026444785083164,0.9120052658217064,0.08238035850131861,0.7068425495355461,-0.01877508192914236,0.5385000404467684,-0.07890724676746778,0.34306577261730065,1073,107,939,319,854,578,0.0,0.0,0.0,0.0,0.0,[0.],[0.],[0.],[0.],-0.0999999999999999,0.35,-0.100000001872892,0.350000002127323
1693324288194486380,0.040401609667044244,-0.25015727531331583,0.7465051112527175,-0.011053179823245055,0.04582340408166148,0.7573180722319957,0.045395499006934556,0.5523791938149917,0.030852257665337824,0.3511497064535446,1025,44,1025,302,1006,568,0.0,0.0,0.0,0.0,0.0,[0.],[0.],[0.],[0.],1.11022302462516e-16,0.35,-2.15275143891636e-09,0.350000001210919
1693324313250153780,-0.012350304381542027,-0.2500962397976866,0.711457347077515,-1.0553107868604505,-0.013064668179520768,0.7230896091275386,0.09489360267209021,0.5599489664565944,0.11586770390219425,0.3576327508168587,948,85,1091,293,1123,560,0.0,0.0,0.0,0.0,0.0,[0.],[0.],[0.],[0.],0.1,0.35,0.100000003217358,0.35000000156008
1693324347826388359,0.056709718309626345,-0.2501951815133467,0.6910232868980803,-1.2993295856949127,0.05637349092356587,0.6975931330880094,0.18124554034650645,0.5540040597491569,0.20838440785847057,0.3524579820200294,1039,118,1206,302,1250,568,0.0,0.0,0.0,0.0,0.0,[0.],[0.],[0.],[0.],0.2,0.35,0.199999999972116,0.350000001270216
1693324383404999256,0.19809142372849659,-0.2502585050540339,0.7163977418028245,-0.9780017078307004,0.20156666065587817,0.7256891726953132,0.29822783165169064,0.5546251246402727,0.30859204441766236,0.35025864317398836,1228,86,1361,303,1387,572,0.0,0.0,0.0,0.0,0.0,[0.],[0.],[0.],[0.],0.3,0.35,0.299999999297285,0.349999999468022
1693324424328391552,0.21449058265834653,-0.25012623985756083,0.653520051184886,-1.6675090234692973,0.21613088452817486,0.6583301935518091,0.369107928529655,0.546908732067825,0.40774635892346933,0.348775836962384,1249,170,1455,314,1522,575,0.0,0.0,0.0,0.0,0.0,[0.],[0.],[0.],[0.],0.4,0.35,0.39999999954481,0.349999999590861
1693324476777531147,0.295010352072447,-0.25014422234291067,0.6302576461374376,-1.861954782405578,0.2980242864119615,0.6363936539128661,0.4624635864859853,0.545668492613125,0.506553208124381,0.3472818342956837,1357,199,1578,317,1656,578,0.0,0.0,0.0,0.0,0.0,[0.],[0.],[0.],[0.],0.5,0.35,0.499999998877741,0.349999999420678
1693324529560861588,0.3747885392117573,-0.25000697125132426,0.6004474244904716,-2.0918878676315322,0.3838998853068749,0.6050738536314759,0.5512559255686733,0.539690233284549,0.6042625782846242,0.34577133196320275,1471,240,1695,326,1788,581,0.0,0.0,0.0,0.0,0.0,[0.],[0.],[0.],[0.],0.6,0.35,0.599999998754287,0.349999998400072
1693324578000831366,0.4457120112889326,-0.24986803827169238,0.5585348378900279,-2.352649123052079,0.4538136133350578,0.5682130712918475,0.6301043364815515,0.5312472390439003,0.692456412959163,0.34196875600685084,1565,288,1799,338,1907,587,0.0,0.0,0.0,0.0,0.0,[0.],[0.],[0.],[0.],0.7,0.35,0.690070046581065,0.344938998536475
1693324624603594303,-0.38750055827402224,-0.25019233633406746,0.6218764857442336,2.25144634859879,-0.39290441479787974,0.6245097752041942,-0.5682737277845065,0.6003645870477126,-0.6814339352811856,0.4456155362176438,439,202,199,230,20,431,0.0,0.0,0.0,0.0,0.0,[0.],[0.],[0.],[0.],-0.7,0.45,-0.699999998885601,0.449999998872892
1693324674881121159,-0.3016581770870902,-0.2502616376701875,0.6581479525510973,2.044299132800825,-0.30528390619748297,0.659538261383881,-0.478122687108076,0.6038863147130749,-0.5823123153725822,0.43623951772225666,559,159,322,227,158,445,0.0,0.0,0.0,0.0,0.0,[0.],[0.],[0.],[0.],-0.6,0.45,-0.599999999126601,0.449999999740162
1693324717141064167,-0.21436055477570792,-0.25019425663925643,0.6836034914367111,1.8881095802864092,-0.21618165323656635,0.6838595092622802,-0.3854450311560547,0.6097883477716041,-0.4856543229059014,0.4341990528096664,679,130,448,221,293,449,0.0,0.0,0.0,0.0,0.0,[0.],[0.],[0.],[0.],-0.5,0.45,-0.499999998781808,0.450000001014844
1693324738354704380,-0.12559074997559733,-0.2502950219230433,0.7024717525015354,1.7638196607232477,-0.12605200670279687,0.7020115951701471,-0.29283602988305085,0.6118105082698428,-0.39099792673667094,0.4358283797898427,799,109,573,220,425,448,0.0,0.0,0.0,0.0,0.0,[0.],[0.],[0.],[0.],-0.4,0.45,-0.400000000115122,0.450000001606411
1693324771761560678,-0.03457338145807655,-0.2502607037150266,0.7158962598488019,1.671546548789758,-0.03512979655819432,0.7170933243273003,-0.19605714701352112,0.6131098654172952,-0.2878949037428828,0.4360566936492792,919,92,703,220,568,449,0.0,0.0,0.0,0.0,0.0,[0.],[0.],[0.],[0.],-0.3,0.45,-0.299999999771232,0.45000000156825
1693324804500465870,-0.0427712689526433,-0.2502379733270291,0.8130741357112599,0.7780155721167545,-0.038258833764046166,0.8166076711576739,-0.12563877949577507,0.643155636569979,-0.1779871867896124,0.4437890099084726,916,-30,798,183,720,440,0.0,0.0,0.0,0.0,0.0,[0.],[0.],[0.],[0.],-0.2,0.45,-0.199999998261661,0.450000000489618
1693324844756046534,0.14822723136517363,-0.2501485026118627,0.7392410968401533,1.502617965744651,0.15334695290859998,0.7411655259960632,0.0025274971336208193,0.6275818702578562,-0.08842009651320558,0.4453909544422304,1165,66,968,205,843,439,0.0,0.0,0.0,0.0,0.0,[0.],[0.],[0.],[0.],-0.0999999999999999,0.45,-0.100000000749116,0.450000000044701
1693324880000415087,-0.10263346406170092,-0.2502209723390013,0.8167655372056761,-0.9822973544359633,-0.10143570930684231,0.8179439823131442,-0.004398463610193599,0.6599350880096502,0.014713097862809303,0.4583736057512185,834,-33,959,164,984,423,0.0,0.0,0.0,0.0,0.0,[0.],[0.],[0.],[0.],1.11022302462516e-16,0.45,-7.76536279722961e-10,0.450000003856045
1693324959843066216,-0.08601693196320527,-0.25031232184209096,0.753449410922266,-1.6722053904584708,-0.0890621378843615,0.7623947350794051,0.06457697922475834,0.6561581949531078,0.10817295557404454,0.4570364236898842,849,35,1050,170,1111,426,0.0,0.0,0.0,0.0,0.0,[0.],[0.],[0.],[0.],0.1,0.45,0.100000000755333,0.450000000308996
1693324985399265766,0.08095920649834903,-0.2503393530627092,0.8071425759305046,-1.1077580446802098,0.06530283186571814,0.8168202400780636,0.19011351788483238,0.6555661807227372,0.20855555448928775,0.4519931568219351,1050,-28,1215,173,1247,434,0.0,0.0,0.0,0.0,0.0,[0.],[0.],[0.],[0.],0.2,0.45,0.199999998955465,0.449999999754213
1693325313877379179,0.10004160333643643,-0.2503190572493441,0.7367197086126038,-1.8123188556989938,0.10106653392603683,0.7435687315196773,0.2610291897840777,0.6509959521958741,0.30643597960258767,0.45142950344454646,1097,62,1308,180,1379,436,0.0,0.0,0.0,0.0,0.0,[0.],[0.],[0.],[0.],0.3,0.45,0.299999999130339,0.449999998708739
1693325366994530916,0.18795332845134846,-0.25024557603043,0.7207568874037455,-1.9406395030957388,0.19157179079795322,0.7263417299397974,0.35425952191419974,0.6451338314645955,0.40531403119611775,0.4478486347051895,1215,85,1430,189,1512,442,0.0,0.0,0.0,0.0,0.0,[0.],[0.],[0.],[0.],0.4,0.45,0.399999999479765,0.449999999003932
1693325409421345949,0.27430784714259837,-0.2502638990196315,0.6996046883413428,-2.099693451591445,0.2781156218928784,0.7074466661294874,0.4494280063918363,0.6424723280870472,0.5084131333140519,0.4465602969732885,1328,110,1554,194,1650,445,0.0,0.0,0.0,0.0,0.0,[0.],[0.],[0.],[0.],0.5,0.45,0.499999999982367,0.45000000002297
1693325459030847549,0.35890033383918885,-0.250101604636804,0.670421606008857,-2.3070216395562744,0.365755486410639,0.6805378091168048,0.5408876959376148,0.6373503097053149,0.6053346179301422,0.44747739783364665,1443,145,1673,202,1779,445,0.0,0.0,0.0,0.0,0.0,[0.],[0.],[0.],[0.],0.6,0.45,0.600000000133367,0.449999999437495
1693325510310394049,0.4043537196723458,-0.25000746077189134,0.6260944727587332,-2.3526769702235373,0.41293011614506164,0.6355907706182777,0.5866096853206817,0.5958430702740978,0.6533990273955923,0.40943392996114825,1507,202,1736,255,1847,496,0.0,0.0,0.0,0.0,0.0,[0.],[0.],[0.],[0.],0.7,0.45,0.648579866656379,0.412501689953871
1693325562425359488,-0.3584953267271253,-0.25027166469082374,0.6804731723991693,2.352929935942468,-0.3632885441679057,0.6848196715710398,-0.5388621675166297,0.6703139650179798,-0.6565697883521779,0.517401368069742,483,126,246,141,64,335,0.0,0.0,0.0,0.0,0.0,[0.],[0.],[0.],[0.],-0.7,0.55,-0.676619152938417,0.527226611019679
1693325600843300819,-0.2871143394062344,-0.2503554398048367,0.7205328462117957,2.260898873253112,-0.29301274294691776,0.7250644650502551,-0.4684903624003532,0.6959262759449255,-0.5815662260799405,0.534116594368613,579,77,343,110,170,314,0.0,0.0,0.0,0.0,0.0,[0.],[0.],[0.],[0.],-0.6,0.55,-0.599999999241025,0.549999999333605
1693325649784733295,-0.19578897157343,-0.25028991103489834,0.7443756238029412,2.128118057300109,-0.19998443784893327,0.7483620726092762,-0.3768150136530712,0.700528858537484,-0.4843069112214728,0.5314679450737683,703,50,466,106,304,319,0.0,0.0,0.0,0.0,0.0,[0.],[0.],[0.],[0.],-0.5,0.55,-0.49999999887726,0.549999998588886
1693325681688389778,-0.10244183358784101,-0.2504127959330913,0.7596435476606078,2.0378241134039614,-0.10665764309544704,0.7637272812409629,-0.2808498288494957,0.7036152310337368,-0.3861395176722469,0.53185303926549,826,33,594,104,439,320,0.0,0.0,0.0,0.0,0.0,[0.],[0.],[0.],[0.],-0.4,0.55,-0.399999999919138,0.55000000274909
1693325715763315916,-0.006209011152414873,-0.25036404916219657,0.7677336324084385,1.9895447762367036,-0.009480932864384947,0.7702663497160142,-0.1814171896922686,0.7075650253791028,-0.2897050786940134,0.531453741814578,953,27,726,101,571,322,0.0,0.0,0.0,0.0,0.0,[0.],[0.],[0.],[0.],-0.3,0.55,-0.299999997211624,0.550000000198717
1693325764036633253,0.0726591454490787,-0.2503542837150905,0.8059619436425323,1.7432830380130355,0.07298189687086673,0.8045547734321895,-0.0892405298466365,0.7234915289691031,-0.18513444960498707,0.543360318828414,1060,-13,848,83,714,308,0.0,0.0,0.0,0.0,0.0,[0.],[0.],[0.],[0.],-0.2,0.55,-0.200000000558415,0.54999999831898
1693325808635110378,0.1872757537199439,-0.250287192172992,0.7813894204182823,1.9066979135865016,0.19052440388492947,0.7884670027944781,0.019766424440227734,0.7203802389016232,-0.08851686058525951,0.5468060316073554,1212,9,991,89,845,305,0.0,0.0,0.0,0.0,0.0,[0.],[0.],[0.],[0.],-0.0999999999999999,0.55,-0.100000000387228,0.54999999907223
1693325859079870939,-0.24317247518275356,-0.2503637340530826,0.767386533221533,-2.3367335983435615,-0.24646803127445568,0.7760101330054355,-0.07364727666629317,0.7528894234904636,0.005577300839503085,0.5641029659827184,643,15,869,47,972,284,0.0,0.0,0.0,0.0,0.0,[0.],[0.],[0.],[0.],1.11022302462516e-16,0.55,-1.6086722440245e-09,0.550000003133449
1693325901840743542,-0.12849908228147325,-0.25039001641071856,0.795835761282496,-2.1338812939742238,-0.1279621419565908,0.7985281684601482,0.03660236266643878,0.75146168735823,0.10100634707825223,0.5575462951707035,799,-10,1013,51,1100,294,0.0,0.0,0.0,0.0,0.0,[0.],[0.],[0.],[0.],0.1,0.55,0.100000001853495,0.550000000058066
1693325948276865005,-0.026223859756172266,-0.25042233576360484,0.7995922587187312,-2.1054927534268644,-0.02502824693496687,0.7995237274858852,0.14429643942115045,0.7540574279940628,0.204336382661453,0.558796859893571,933,-9,1153,50,1238,294,0.0,0.0,0.0,0.0,0.0,[0.],[0.],[0.],[0.],0.2,0.55,0.200000000875377,0.549999998565198
1693325992875196695,0.0767109541978524,-0.2504663749525841,0.8036628334400999,-2.072874723465376,0.07683567146383828,0.8021467430476704,0.24757940487450264,0.7451436015983621,0.30095990137880585,0.5483493321478636,1065,-10,1287,63,1367,309,0.0,0.0,0.0,0.0,0.0,[0.],[0.],[0.],[0.],0.3,0.55,0.299999999006773,0.549999999107475
1693326031961497068,0.16473848806516173,-0.2503149111381813,0.7826036529910663,-2.2260287265356187,0.16574752661397782,0.790509725184103,0.34130570517408093,0.7442188732398216,0.4059567548348477,0.5519183172262287,1180,6,1408,66,1506,306,0.0,0.0,0.0,0.0,0.0,[0.],[0.],[0.],[0.],0.4,0.55,0.399999999650271,0.549999999078281
1693326066704659700,0.2548956555232391,-0.25034684002298524,0.7623067964511847,-2.3535246795223492,0.2583987113193368,0.7715251933445428,0.4359441002869646,0.7392095269816471,0.5043903975420638,0.5507572905302814,1300,31,1530,74,1636,309,0.0,0.0,0.0,0.0,0.0,[0.],[0.],[0.],[0.],0.5,0.55,0.499009933905287,0.54832497671146
1693326111470228195,0.31802800770669953,-0.2502885595570348,0.7179158865764919,-2.3532188547394477,0.3236432327487267,0.7284406339533803,0.4995670310829601,0.6946405284693061,0.5679021458376194,0.5028017856295405,1386,85,1615,130,1724,372,0.0,0.0,0.0,0.0,0.0,[0.],[0.],[0.],[0.],0.6,0.55,0.56220894078625,0.504053294683013
1693326154398438931,0.36314728022098125,-0.25010649575979726,0.6757996825689093,-2.352957694727267,0.36982298438411493,0.6854288308885279,0.5448268880000934,0.6502018512840938,0.615195817415532,0.4581977455526787,1448,139,1677,186,1791,431,0.0,0.0,0.0,0.0,0.0,[0.],[0.],[0.],[0.],0.7,0.55,0.607302964464509,0.462045603911337
1693326204341604233,-0.3148440094081236,-0.2503334005359621,0.7204936978633065,2.353236538130873,-0.32091749327651653,0.7254200649160598,-0.4979051164012946,0.7121916414875562,-0.6177236503062286,0.5602548034833358,542,76,305,89,123,279,0.0,0.0,0.0,0.0,0.0,[0.],[0.],[0.],[0.],-0.7,0.65,-0.632918062579276,0.567079786031137
1693326247269799232,-0.2566872201351934,-0.2503816381913744,0.7612439404354456,2.353599460071184,-0.26051930144195434,0.7651930282327296,-0.4395634637708263,0.7492340721451538,-0.5572980356403789,0.5954795870881344,624,28,386,44,210,234,0.0,0.0,0.0,0.0,0.0,[0.],[0.],[0.],[0.],-0.6,0.65,-0.574733976290714,0.60767617405596
1693326301556218863,-0.1800346295007128,-0.2504003622897327,0.7987246405008543,2.353949780041753,-0.176993154657706,0.7993029714936128,-0.36143066978371574,0.7837974439074669,-0.4801568797530547,0.6228015355943617,735,-12,492,3,318,200,0.0,0.0,0.0,0.0,0.0,[0.],[0.],[0.],[0.],-0.5,0.65,-0.498066826272816,0.644978047234534
1693326352000895262,-0.08509854581809183,-0.25048534427296515,0.8140945550084824,2.298866797284905,-0.0899706822361829,0.8231104904188781,-0.2667403212000848,0.7895319160700637,-0.3846357319586312,0.6264534909906061,849,-39,617,-2,448,197,0.0,0.0,0.0,0.0,0.0,[0.],[0.],[0.],[0.],-0.4,0.65,-0.399999998808209,0.650000000005299
1693326396766156197,0.01424833979957743,-0.2504504204027409,0.817457453298122,2.2825686503357163,0.011140023407059977,0.8199821056063815,-0.16876344001614904,0.8068436230699135,-0.29999773564989385,0.6534548277566574,980,-33,746,-21,564,164,0.0,0.0,0.0,0.0,0.0,[0.],[0.],[0.],[0.],-0.3,0.65,-0.300000000316061,0.649999998623344
1693326437856790066,0.11606979847554823,-0.2503983329454989,0.8119084983514208,2.313507034437309,0.11949694573410183,0.809513979928366,-0.06744957050949037,0.8086548122388001,-0.19728904648129061,0.6573004191496408,1120,-18,878,-21,702,161,0.0,0.0,0.0,0.0,0.0,[0.],[0.],[0.],[0.],-0.2,0.65,-0.200000002497178,0.649999998776146
1693326489136901855,0.20995219798426662,-0.2503911418566227,0.7862354972261089,2.3553760490567854,0.21315589945481334,0.7938089260317602,0.03432702034938408,0.7931603220611976,-0.1026700037113818,0.6397718324070361,1241,3,1010,0,828,185,0.0,0.0,0.0,0.0,0.0,[0.],[0.],[0.],[0.],-0.0999999999999999,0.65,-0.10831032593776,0.632057106904822
1693326536240271091,0.27965179418661973,-0.25031693873160116,0.7469670232164509,2.355591119332491,0.28260907004802005,0.7514353963521044,0.10655932673201242,0.7550646332309403,-0.03190200318357192,0.6000646694312594,1332,56,1104,48,922,237,0.0,0.0,0.0,0.0,0.0,[0.],[0.],[0.],[0.],1.11022302462516e-16,0.65,-0.0386562100338186,0.592746705461432
1693326577498105764,-0.13098224490206878,-0.25045345403103514,0.8149131325379009,-2.3554064788003175,-0.13506157222060775,0.8082692616735249,0.04128911786207252,0.806468863731245,0.12573175365633116,0.6225040597649243,790,-22,1019,-16,1132,211,0.0,0.0,0.0,0.0,0.0,[0.],[0.],[0.],[0.],0.1,0.65,0.113479254995653,0.600395824545304
1693326620258912563,-0.041566926570063695,-0.2504777776655299,0.8306667874568423,-2.3550813934439505,-0.04527474056104671,0.8247527202300471,0.1250469744122669,0.8195549404963609,0.21285498235028635,0.6331451645596363,907,-40,1127,-30,1247,199,0.0,0.0,0.0,0.0,0.0,[0.],[0.],[0.],[0.],0.2,0.65,0.202837101177051,0.616146140528944
1693326672708188057,0.05236127962303362,-0.2504911412848718,0.829559079610092,-2.35420746573629,0.049055016880314384,0.8214972353891968,0.22910286345794612,0.8098086440506327,0.2987865613875335,0.6154027330881364,1029,-34,1261,-16,1361,223,0.0,0.0,0.0,0.0,0.0,[0.],[0.],[0.],[0.],0.3,0.65,0.296376750710791,0.61520392278242
1693326712629574299,0.14065944765251104,-0.2503473393439908,0.8121391022270328,-2.354178692396765,0.13887519045932828,0.8082041789163644,0.3157355287557753,0.7881559540507054,0.3892377528218092,0.5985209488295167,1145,-16,1373,12,1481,246,0.0,0.0,0.0,0.0,0.0,[0.],[0.],[0.],[0.],0.4,0.65,0.384766717671189,0.597841969267528
1693326763241183996,0.21685164484506547,-0.25037607259438355,0.7827561911053948,-2.353752516213189,0.21937541887969486,0.7939172937014509,0.3955792868981478,0.7582143394375059,0.46741254364439133,0.5674346986556239,1249,3,1477,50,1586,287,0.0,0.0,0.0,0.0,0.0,[0.],[0.],[0.],[0.],0.5,0.65,0.460955374106146,0.568655677249932
1693326809008680344,0.278182438384725,-0.2503188800134582,0.7476367012156182,-2.353450837321892,0.28204295952184677,0.7579741651511337,0.45529248421096113,0.7223793985910227,0.5290701146742582,0.5332119414957126,1331,48,1556,95,1670,332,0.0,0.0,0.0,0.0,0.0,[0.],[0.],[0.],[0.],0.6,0.65,0.52230470172345,0.533676442866385
1693326855110289574,0.3255755840343242,-0.25023801549464786,0.7115686537892887,-2.353121087926927,0.33107938095726863,0.7204283626331315,0.504419773630855,0.6850104257501284,0.5740573353684115,0.49365827282281677,1396,95,1622,142,1733,384,0.0,0.0,0.0,0.0,0.0,[0.],[0.],[0.],[0.],0.7,0.65,0.569706489435806,0.497762385294367
1693326905387814522,-0.2779551273379425,-0.2503755082587251,0.7477636152073653,2.35352848383777,-0.2827230244171147,0.7510369839817167,-0.46143606124644526,0.7384061667409302,-0.5795195097831705,0.5813654798551335,594,45,356,57,178,252,0.0,0.0,0.0,0.0,0.0,[0.],[0.],[0.],[0.],-0.7,0.75,-0.596025727474593,0.594227022525277
1693326945643156767,-0.22133462134086712,-0.25043117126341236,0.7805037367046095,2.353698731862311,-0.22472544316490248,0.786179368591863,-0.4030764042132019,0.7700704739743007,-0.5240592208357648,0.6105803548654222,672,3,436,19,257,215,0.0,0.0,0.0,0.0,0.0,[0.],[0.],[0.],[0.],-0.6,0.75,-0.53936894835402,0.626900974782519
1693326989239401340,-0.1517886706948879,-0.2503830657606515,0.808679439231869,2.3540664185752114,-0.15121884736147606,0.8104496695071742,-0.3316080611513191,0.7949299467030738,-0.4582678044716503,0.6371106226435628,769,-25,532,-10,349,182,0.0,0.0,0.0,0.0,0.0,[0.],[0.],[0.],[0.],-0.5,0.75,-0.469795495574973,0.65489903264849
1693327029828688145,-0.07112603960568667,-0.2505225122463537,0.8271710930322829,2.354119667818358,-0.07617261085539213,0.8283285758730132,-0.2583490411648667,0.8101695526259978,-0.3772126164351872,0.6539079934905531,867,-45,629,-27,460,162,0.0,0.0,0.0,0.0,0.0,[0.],[0.],[0.],[0.],-0.4,0.75,-0.389063520178492,0.6733444110088
1693327062734799385,0.015958318104381197,-0.2504767785571904,0.8321416690089307,2.354992736494106,0.013431274836277969,0.8341234284778266,-0.17386124511528336,0.8265377004646184,-0.3051648257668337,0.6872948601439682,983,-50,740,-45,559,121,0.0,0.0,0.0,0.0,0.0,[0.],[0.],[0.],[0.],-0.3,0.75,-0.30231989883197,0.678096553462359
1693327099315648794,0.10133041408820122,-0.2504325304839147,0.8220436689698234,2.3552249209214695,0.10411289974684532,0.822495073843609,-0.10359133025462082,0.8088324513566908,-0.2181434638375262,0.6791063061361445,1100,-34,831,-22,675,133,0.0,0.0,0.0,0.0,0.0,[0.],[0.],[0.],[0.],-0.2,0.75,-0.216999072678875,0.667957472731023
1693327138568603039,0.17840521421912503,-0.25036648522570054,0.7995527376406028,2.355396074727025,0.18376566434152766,0.7999021835133026,-0.005006248541548526,0.8007006773549787,-0.13819684840136984,0.6573682866057777,1203,-5,959,-10,781,162,0.0,0.0,0.0,0.0,0.0,[0.],[0.],[0.],[0.],-0.0999999999999999,0.75,-0.1399645552926,0.645416951505432
1693327174314432383,0.2431525565931303,-0.25036733749454126,0.7693327054580268,2.355518671923518,0.24681925727434295,0.7737944951572961,0.06820325370550334,0.776500316483049,-0.07030171376671915,0.626885019366212,1285,28,1054,21,871,202,0.0,0.0,0.0,0.0,0.0,[0.],[0.],[0.],[0.],1.11022302462516e-16,0.75,-0.0751178426159215,0.615154859274029
1693327213567407370,-0.11135527144182467,-0.2504063207742692,0.8198791392763332,-2.3552849217093783,-0.11437212354591603,0.810287115266816,0.06370010745931491,0.8043902473066386,0.1461386348476293,0.6251398950503052,817,-24,1048,-13,1159,208,0.0,0.0,0.0,0.0,0.0,[0.],[0.],[0.],[0.],0.1,0.75,0.133099059317135,0.605302594637964
1693327252319323063,-0.03500751353120496,-0.2504675244150265,0.8311646577772733,-2.3551128644990813,-0.03903698243580982,0.8174201391200516,0.1466998647811314,0.8124831640687148,0.22123463568959512,0.6348395981531321,915,-31,1155,-21,1258,197,0.0,0.0,0.0,0.0,0.0,[0.],[0.],[0.],[0.],0.2,0.75,0.209407134918349,0.616652392096992
1693327296583742380,0.04422167629648947,-0.2504939433430562,0.8303516077916104,-2.3542416284302234,0.04596248353630873,0.8239281433195697,0.2250836519614538,0.8047661380789001,0.29436683849506073,0.6192791316876856,1025,-37,1256,-10,1355,218,0.0,0.0,0.0,0.0,0.0,[0.],[0.],[0.],[0.],0.3,0.75,0.288252756796554,0.615982890702742
1693327340513815880,0.11987310655480815,-0.2503703826064631,0.8177516802349314,-2.3542107615346315,0.12035786290535648,0.8169827422907971,0.2965718485086381,0.797744447979116,0.3697833472860414,0.6053348857985885,1121,-27,1348,0,1455,237,0.0,0.0,0.0,0.0,0.0,[0.],[0.],[0.],[0.],0.4,0.75,0.363965804704354,0.60343362162442
1693327383107939005,0.18780820769327308,-0.25041284710427775,0.7955981939860257,-2.353807253343523,0.18993187532615963,0.7975319151496012,0.36665914314349357,0.7741782984041449,0.4409838292804449,0.5842922213542063,1211,-2,1439,30,1550,265,0.0,0.0,0.0,0.0,0.0,[0.],[0.],[0.],[0.],0.5,0.75,0.431908060386638,0.581478993769796
1693327423864408255,0.24552350880641768,-0.2503621116679324,0.7677561998638291,-2.3535743354058316,0.24924023567136702,0.7771247262305302,0.42294116949201943,0.7439078148400381,0.4978389059809632,0.555343230765227,1288,24,1513,68,1627,303,0.0,0.0,0.0,0.0,0.0,[0.],[0.],[0.],[0.],0.6,0.75,0.489643198933056,0.553725610009499
1693327473640799761,0.2927189211922024,-0.25031302938500605,0.7375074085125473,-2.3533888078505787,0.29718273347449475,0.7467691865461357,0.47100691722302535,0.711235424848225,0.544229160676819,0.5217922820718652,1351,62,1577,109,1691,347,0.0,0.0,0.0,0.0,0.0,[0.],[0.],[0.],[0.],0.7,0.75,0.536867703077391,0.523571638400198
