ts,X,Z,Phi,Theta0,Theta1,dX,dZ,dPhi,dTheta0,dTheta1,ddX,ddZ,ddPhi,ddTheta0,ddTheta1,Fx,Fz,Ty
0.0,0.011999039066292563,0.7507282269624798,-0.000359910746675974,-0.48588624165234495,2.3455150277047707,-0.00025950474925106465,0.004500024184958207,0.0005341122480024338,0.04740249406056546,-0.20449486813855988,-0.08655620285412668,-0.04249920378965655,0.009396243205915589,-2.6735937342588745,6.90420846020865,-0.04210143747418734,-7.011482936248101,0.004379586498986196
0.03333333333333333,0.012481309376496524,0.7516052914702267,-0.0003595906346737608,-0.4634754865728369,2.279703671453472,-0.007751130268091551,0.0017178899589813668,0.00012530310340241592,-0.10245506335800131,0.1819156076199797,-0.13728188709942812,-0.10087481279717814,-0.005236996888575264,-4.2929714048027705,12.249212710183613,-0.0457971263475457,-6.985833733183198,0.004078973401374249
0.06666666666666667,0.012395035311113594,0.7516098614493176,-0.0003594962646825248,-0.4653053514141253,2.28430313780304,-0.009348755092887344,-0.00015095872887394002,3.180000768127962e-05,-0.18729824060972866,0.487432086081546,0.04790367749576685,-0.08871526574828259,-0.0050447635058787025,-2.4290094265531206,10.110437033886548,-0.06841094142556138,-6.982273791242577,0.0035478495577286953
0.1,0.011931753656769762,0.7514038817295325,-0.0003534968951230605,-0.47826889684234464,2.319286214941949,0.00565573175965061,-0.001780268437385213,0.00029955329491805974,-0.09747364889926757,0.5119987245920066,0.5507721140756066,-0.05343742185524292,0.004117774103223169,3.136752941269746,0.3209279288351965,-0.06921852685671855,-6.987750052552465,0.003676675221707869
0.13333333333333333,0.012197865281454577,0.7508485347065273,-0.0002724015573776846,-0.4889002112353097,2.3588922871884415,0.03900301971210422,-0.003116929173878069,0.0008670855354262577,0.1339186480816129,0.30159833513930234,1.1618797110143129,-0.014224541949364067,0.01503525032275607,8.756082755682213,-10.385201025116999,-0.5585476285378346,-6.9614914866726245,0.030855349961032175
0.16666666666666666,0.01320393924707215,0.7510471653312337,-0.00023896618510946082,-0.49454970663614617,2.3947807875709444,0.08546778367624425,-0.0033895194598726475,0.0014362913421499238,0.44568364326116305,-0.09929405155008464,1.59852164125456,0.02733968086144145,0.018599634050584957,11.716999821548526,-17.77913887754626,-0.8473533151235152,-6.9788482627134485,0.09757382129579109
0.2,0.017234473919263665,0.7513535140388559,-0.0003283346895428306,-0.44519540670842794,2.2957409978729295,0.13868755123938117,-0.0024078481381085703,0.0013653800891249145,0.8152318412460914,-0.7513847494428898,1.7150282627109532,0.05600468782961521,0.0048720196604454995,11.739989270752949,-21.98945456849335,0.044360595610843975,-7.016254849247317,0.12636208513303598
0.23333333333333334,0.020567922584869728,0.7509864554876085,-0.00018441622614190752,-0.4420346132074765,2.3279308293953056,0.18528596826492566,-0.0012464810368952861,0.0015095985812310728,1.074500466644532,-1.3072301259006815,1.367757358294246,0.04394696975514023,0.0008494712787835588,6.585356746077785,-16.10359891656163,-0.07624110819941929,-6.96848166826084,0.11851095629763905
0.26666666666666666,0.02396362511131514,0.7502377284494849,-0.00017443170582869327,-0.44981687403525306,2.3914401945879176,0.21975479433242473,0.0016228332804590906,0.0017286549093906958,1.1711241504280943,-1.6637675381750954,0.7405810255967915,0.04126012373789756,-0.0007059874734107376,-1.2974719946830575,-4.110457909244012,-0.2560111234794756,-6.958830045281765,0.1500585576563852
0.3,0.033646578945838904,0.7512550452662242,-0.0001734466858060622,-0.35697781040072396,2.2000801102237117,0.22928953015936604,-0.0015375462712250432,0.0013661445394417267,0.8784731492889222,-1.2222346741334538,-0.13780516137242074,-0.09363430505288406,-0.013718698812167975,-12.950366834551236,18.882177413097338,-0.9123399740404552,-6.864611216573871,0.16420501679585353
0.3333333333333333,0.04267882207836755,0.7509244145026094,-6.099358756144779e-05,-0.32106614194945293,2.1660574099884213,0.21110809058825403,-0.005042280616535444,0.0006134113523260926,0.3314438624088889,-0.3984768998084611,-1.0031153360697194,-0.1394799366282129,-0.026380579832494547,-20.918627837909554,32.77003621683951,-1.0674790139941983,-6.764723505444374,0.1211057399545352
0.36666666666666664,0.05118955639316618,0.7510952299198351,9.355885467850649e-05,-0.302323401029256,2.1415744125739997,0.17029589885183213,-0.006461175296790134,-0.00024169694553349808,-0.28323264115394686,0.3778462429758829,-1.59057552787247,-0.06533718835057911,-0.030361461674576568,-21.398760921654247,29.30911742884544,0.17474517293199504,-6.644845663453706,0.015706828540597694
0.4,0.05574520636373915,0.7505757945173065,7.407591488786211e-05,-0.322739877337706,2.158829893126909,0.11759321368518233,-0.006549086468217169,-0.001069206273491882,-0.8600823573305708,0.9861186409027156,-1.7610203605068837,0.038578329789590526,-0.025842467854248125,-16.48283780547909,16.124077962778074,0.11274318235403058,-6.61377484929695,-0.06713031692043939
0.43333333333333335,0.05775750218199247,0.74997688580819,-0.00020018480593601774,-0.3721666628551733,2.228619123223236,0.06489220144181344,-0.004446801017384927,-0.0019424484621407207,-1.3114620095853629,1.354041352955579,-1.5675361796709564,0.11787905144579192,-0.018623627603148597,-9.949094303792016,3.4276565063599804,-1.0275696505427216,-6.9619404397530635,-0.061000620358861585
0.4666666666666667,0.0592557307946928,0.7501511780204199,-0.00030471460848554915,-0.4248886213431999,2.303164273942096,0.019275277383626468,-0.001088307425830215,-0.0018832376415428708,-1.5864369302024566,1.4984309358381767,-1.2342692358648004,0.1084149892697841,0.006792712785716798,-5.028398901322529,-1.11726079149701,0.28486727463190836,-7.023854978956891,-0.023718290087425594
0.5,0.06050867119036563,0.7503883251449371,-8.415063903879489e-05,-0.4641948813285361,2.324070671953805,-0.025531411433461434,0.0011702605332595262,-0.00136107536130827,-1.8249083087019073,1.7074807093521365,-1.0871132888408286,0.08501936841854452,0.025013283183004994,-3.2450332875378045,0.38695918904238624,0.41226031595644785,-7.1475033069800205,-0.0778010721040864
0.5333333333333333,0.06062089631030972,0.7498250926042821,-0.00018057099259686255,-0.5220452785676645,2.3925048694656543,-0.07042167041134938,0.003155758154212873,-0.0010284900890043785,-2.010049219031935,1.8816288760954776,-1.178540437648162,0.0536374811834186,0.019379284805976768,-3.607126367846508,4.455331093148075,0.8907128438538168,-6.993559379527825,-0.14460017610893344
0.5666666666666667,0.057783444992582825,0.7499755105373884,-0.00025591584240978744,-0.6016879891855489,2.478310843583551,-0.11741158243742722,0.004362976745347913,-0.000670930137584841,-2.1433686438223694,2.1017002260454016,-1.4709669993566092,0.015847642887763413,0.005100280524584241,-4.646139271020075,10.17927995113061,0.5031607567638791,-7.009235501400036,-0.16449323830356466
0.6,0.05372354967883293,0.7504868665983286,-0.00040533894228197645,-0.6575540499350687,2.4945803183193274,-0.16757704306250903,0.003988323430264007,-0.0005960339968952078,-2.20490147776743,2.3255759706696315,-1.7708751749602398,-0.07413390803375108,-0.006329961825099704,-4.587102126652976,14.572049547296949,0.9021018463059312,-7.1063560249067965,-0.15561775977610284
0.6333333333333333,0.04889524705057482,0.7509225051388312,-0.000458966843516861,-0.7040909557261946,2.499699579815134,-0.22319729853330858,0.0023700413018546973,-0.0005460743556871217,-2.2797942028642266,2.7594074083778333,-1.932179143423041,-0.10670381966458287,-0.005818131375812195,-4.159490459253384,19.84403230213291,2.4025047817970373,-7.056907776269904,-0.15345926194589807
0.6666666666666666,0.041605876742820014,0.7510860480677813,-0.00015883197052510398,-0.7914478245141552,2.6344627152243167,-0.27717450984215164,0.00012611794301287116,-0.0006150998485652721,-2.266654459522923,3.20740934515086,-1.4997187205284124,-0.0461220885110496,-0.009839649716623657,4.827439859239973,5.498964264636754,1.3792513022750423,-7.170589248734806,-0.21381314340168986
0.7,0.03370913910543004,0.7508646968992438,-0.0002930205078438274,-0.8732844382904565,2.77821558704213,-0.3157884066138227,-0.0018322591944066602,-0.0010599045782427683,-1.9251007512454266,3.0534788801500863,-0.6762314376873931,0.015339187983574476,-0.003679679755065854,17.59857196126649,-18.296995860673103,1.576227857230626,-6.901504908951365,-0.25318113355238686
0.7333333333333333,0.020997342308055805,0.7489749395745908,-0.0004676865818926556,-0.9913956108556587,3.0191186980143394,-0.32603230602929123,-0.0012129121687078914,-0.0010220375447352638,-1.1847863580791018,2.1373962315676005,0.09406205869169287,0.01870218737110818,0.009308219586583635,25.99947660079917,-33.14328003796024,0.7777215620222973,-6.907571031920499,-0.27889929300503946
0.7666666666666666,0.009476781274223713,0.7509925598742714,-0.00043649606710352486,-0.9918027606880293,2.9490211285569643,-0.3159239880512112,-0.0012742485891983346,-0.0008145061133103974,-0.3154622765301763,1.0769965096441947,0.7018794614322876,0.03647280433811595,0.005755483375993086,30.67805766406774,-42.92805082054714,-0.4728731028956112,-6.779390134057471,-0.268473016442597
0.8,-0.0012848146837705098,0.7509510556603403,-0.0004902489991546467,-0.9878660079716676,2.9391357464567247,-0.2895508372957337,0.0008468095679778909,-0.000897919331364813,0.6583701160619707,-0.25067581082560486,1.0056417294633038,0.03676687545453916,-0.00932687601458954,30.089431883846025,-42.62274567033463,-1.0013665540746468,-6.78123949258841,-0.204419148901317
0.8333333333333334,-0.010089645456081124,0.7504828219121139,-0.0005755266097361675,-0.9719662530743586,2.9640292947915086,-0.2529254660033552,0.0014379993162134674,-0.0012044435414549162,1.6656245617241976,-1.7508161172832466,1.2266602433290439,0.026295207465496517,-0.008548146065120846,28.180828179488344,-40.356814599935944,-0.4793507629399447,-6.885650305547374,-0.06281009902875828
0.8666666666666667,-0.017168572392575056,0.7505722960532146,-0.0005544425423326482,-0.9137846989222561,2.9271586008903796,-0.2104619023639318,0.0015445964314827476,-0.0013862460905298471,2.5376520070102453,-2.979951483460943,1.3215588958373328,-0.000905436950683125,0.009395298494367621,23.635089472159137,-32.53715089166054,1.0829578309195735,-7.1149333724424615,-0.04626065950872246
0.9,-0.023847696426265948,0.7504366401210781,-0.00033989375137906684,-0.8276061954950418,2.8384096702141295,-0.16127664401824535,0.003430824310577396,-0.000733235980989748,3.349776056443657,-4.194983699094907,1.3686335765595925,-0.006130833717774564,0.021544043915709972,19.958417522410898,-28.815430592063198,-0.7392118466099997,-7.071105686383045,-0.07975818498410162
0.9333333333333333,-0.03062596135183502,0.7507945724058813,-0.0005950961013780781,-0.7300659486008177,2.6916222254893456,-0.11155149644203152,0.0037927770362785607,0.0004256650303405446,4.018801703047679,-5.236904569545978,1.343004046978069,-0.0013752794028754067,0.020401898347535346,16.103929536549288,-25.613909590273487,-0.30508594715997694,-6.965808942855435,-0.005242761290291373
0.9666666666666667,-0.03400274756435075,0.7509728865935988,-0.0007066722143593653,-0.5829569175427691,2.4769881014232245,-0.06802702066602286,0.003234630574936559,0.0013894976651250292,4.436543685321141,-5.898438057301807,1.2831197165093498,0.042884215684534155,0.02816165754526513,12.041991831901006,-23.085095609579383,0.6138758925113275,-7.356347389751021,0.0718273801025458
1.0,-0.03672724326501039,0.7508159568696336,-0.0005613217888320533,-0.43701350346423645,2.302442627648041,-0.030086310907920764,0.0027133001701743487,0.0019027588225994292,4.665349087719968,-6.3549222650302974,1.3130536002662951,0.026589869591761683,0.023618845563824483,7.554247234410633,-17.345310761329056,-0.24983527365192915,-7.230650852337695,0.11629743768163209
1.0333333333333332,-0.038044805996692715,0.7506902612390443,-0.0005107419196954026,-0.29469425456300813,2.1205607001421547,0.01225888863127629,0.0020410749042168996,0.0018719827349994475,4.818454242491241,-6.789351295739711,1.4342050377732234,-0.029320509249826543,0.014502889741417056,1.260387066367512,-5.218080288648821,-0.647300711608531,-7.246307058772122,0.1568739133911122
1.0666666666666667,-0.037930433355687854,0.7514430414246973,-0.0003886199298367765,-0.15714531546187074,1.9525412672965545,0.06259864133529042,0.0024134615434538986,0.002260430399221148,4.746402872716782,-6.825627223640058,1.554183207225605,-0.06133135720900462,0.004550414734592379,-8.031473284969522,13.178851609359043,-0.9701018042517617,-7.125381285613294,0.21464629144690583
1.1,-0.03364810371729128,0.751429316973485,-0.0003754001832962613,0.04923260776511221,1.6159412939817372,0.1179274626508579,0.0017199085847009465,0.002757635851474701,4.271620139092303,-5.859532572181434,1.5951849054194638,-0.07394236054295078,-0.015147243108477797,-18.475404472011967,35.06722208108287,-0.7569625981598471,-7.226369354181568,0.26869872576542353
1.1333333333333333,-0.02997515318232029,0.7510546184785116,-0.00017579067475545704,0.1918703931819361,1.4146142346501334,0.17585546343110975,-0.0007256237196089366,0.0021098484873866706,3.5653231578836513,-4.460688443676964,1.5520509601479309,-0.034124905798298855,-0.02395491748054633,-24.740843778244237,44.53148691369576,-0.7898275349786934,-7.085059620651005,0.2943866154654001
1.1666666666666667,-0.024602783074225542,0.7512497982145672,-5.0717822498638787e-05,0.29719032782017796,1.2974657302858976,0.22832951060562204,-0.002360506623627412,0.0011323399617531227,2.744788391444942,-3.1045444871794508,1.550505373596639,0.054666032134432996,-0.02798305062820472,-25.09100979636067,37.65662356628406,-1.4228140140967223,-6.855805704875597,0.33270733886488896
1.2,-0.018380613735127393,0.7512302519228667,-0.0002166406834042912,0.37713601114485346,1.2081654150488401,0.27451561112051825,0.0004937398818978256,0.00040016991645517674,1.9558718170939369,-2.198236400546332,1.3285939165394445,0.00046303985617868193,-0.022308284978163548,-26.64871672117289,34.247516901815146,-1.1363312181431098,-6.8697024413720085,0.3705603061466125
1.2333333333333334,-0.009794598663061824,0.7512399053508159,-0.00022977088604113287,0.4455523892258143,1.118287624377083,0.30656308256381015,-0.0007054624539292176,-0.00020465996171508462,1.0365524179384713,-1.2124289537301969,0.8806834789673257,-0.01880977641370407,-0.004527086348622278,-27.413398191228197,27.742948796426703,-1.1649474180551607,-6.811884510076665,0.37584477368128383
1.2666666666666666,0.0013854989882105704,0.7506486102722162,-0.00013751835515395637,0.48631214777361725,1.0752388222994684,0.3232244123962207,-0.0024601650846438616,-0.000626630458367008,0.06642501500701714,-0.3052818650403246,0.2446241371217469,-0.04288185276157819,0.00505179165350753,-28.19550744755771,21.75812402168603,-0.8159737198300407,-6.797300859708014,0.3976996873275484
1.3,0.012533501860263509,0.7509716431372481,-0.00014174572120474673,0.4651146681303829,1.1431177493478166,0.3205902304439309,-0.0038411044179597065,-0.0004348132405618825,-0.9682364853843703,0.6608320538498069,-0.46273693346901257,-0.06489117095625829,0.0037389636724863918,-30.936098602694706,24.42082638409876,0.9078164311310479,-6.502722095444456,0.37705424333666754
1.3333333333333333,0.024888065262920474,0.7514196675516284,-0.00011865590533135059,0.46608454038111846,1.0835539335307336,0.29904860990320736,-0.00555011911094816,0.0002724296024352763,-2.084563069822451,1.8213368621794612,-1.01151717815479,-0.06766867609483995,0.0015689826503894715,-34.08943583184648,34.70084346493127,1.0236928055785075,-6.398056562922639,0.22711548236096238
1.3666666666666667,0.03395232418784978,0.750762024898628,-0.00010356496180715917,0.3756631312124932,1.197637548607712,0.26399879738816556,-0.009427520172502812,0.0003486734186518091,-3.2626710808644197,3.2543499699300993,-1.3050571323444702,-0.11933891063315194,0.008235057739729072,-36.337978646460705,49.65735852220999,0.6125585481231908,-6.511834792142551,0.12824193536210096
1.4,0.04151880417189122,0.7505581817792989,-0.0001132700456573861,0.2657811325183645,1.2898675125560708,0.21796093654500798,-0.012398135402052257,0.00033160120035328897,-4.428501557148472,4.927934641173589,-1.5246651068111456,-0.07839636917567638,0.0017071483885681294,-36.75168757790314,60.374374378942235,-0.34321900769051594,-6.757578075639616,0.09213124448043357
1.4333333333333333,0.048579446218402725,0.7496931556521723,-0.000288870156987944,0.14479392941884045,1.3808941187762513,0.16341175054841472,-0.011961045054166175,0.00020391295429895664,-5.49695305150462,6.631237785931812,-1.541544464538866,0.055333132770023497,-0.009492111084521538,-30.65131594141377,54.06538116885149,0.8557403693450363,-6.920621225831463,0.08963382609948893
1.4666666666666666,0.05451883556640717,0.7496145373251616,-0.00018577647872776781,-0.026858908338180026,1.559830325391957,0.10980756533034232,-0.008393685466058232,-0.0002563846292381925,-6.35661093126311,8.077255703830186,-1.4042531989411733,0.16509919262828276,-0.012273309100866004,-19.590441728703077,34.960339381703506,1.7716126429531927,-7.200646850263047,0.05044827778512741
1.5,0.05804404004706737,0.749677763237994,-1.5857876582749798e-05,-0.27734451661798304,1.9262582891904585,0.06306354192000681,-0.0016425611742126867,-0.0008503168725886639,-6.839762438877392,8.942858654255227,-1.2499420898625886,0.20896270573788733,-0.014997965935646307,-6.520793945201319,10.456834177392935,1.0411867086516688,-7.436053245195189,-0.02310847622040234
1.5333333333333332,0.06030622278167157,0.7490719826094985,-0.00012889788765726705,-0.5250681636549339,2.330415362379757,0.028256136830900037,0.0036152473319339684,-0.0013009930744046362,-6.8389069424833595,8.947215629287992,-1.1702880152790378,0.19133088199996529,-0.010711174000966509,4.199718157148279,-8.363515424842518,0.734569999411117,-7.456349115524211,-0.10131479083775574
1.5666666666666667,0.06207487023120104,0.749255645122975,-0.0002445169275727143,-0.716444381092316,2.5212422244632653,-0.008881686558734558,0.008158628403189816,-0.0010097831158519567,-6.5526291442106865,8.52537603903899,-1.2018716895562576,0.13142284173310337,-0.005738918262814719,13.971653011536077,-24.304075077867267,0.9641212900866806,-7.432724062481245,-0.16840173589110743
1.6,0.06175138572013162,0.7497651635125083,-0.00023839438758015678,-0.9327080587018124,2.7894507507551034,-0.051710888754013834,0.010860222233153638,-0.0010673704841904859,-6.052489609727813,7.783255047291994,-1.3675931555001322,0.018218269824092914,-0.00385441860394169,19.58244749689409,-30.450007689516625,1.6556902830593254,-7.500847781277199,-0.23044930267937264
1.6333333333333333,0.058888893135184764,0.7499169089241281,-0.00023853101092600917,-1.1483036358384338,3.074770044887314,-0.10130338840298114,0.011511172924883128,-0.001649931712698255,-5.320035163116922,6.661398197343901,-1.479078683785111,-0.05129629222111198,0.00045373248235191545,23.447082261279824,-31.039896894126212,1.8672228964438673,-7.52832345891023,-0.31207284881491215
1.6666666666666667,0.05503012979122342,0.7504046198225172,-0.00038276799759572034,-1.321587641864761,3.2743970323988347,-0.15513444304343432,0.01131351316999274,-0.0017594850999928507,-4.484211185241034,5.624386684835634,-1.5609601743953176,-0.05334414322059011,0.0038991264751532884,24.57442943302103,-22.925029771566003,1.8434212953437528,-7.2764003643737984,-0.3645045297754255
1.7,0.05028389240743417,0.7511432779162011,-0.000507906720323273,-1.4600642566991644,3.4355436123694956,-0.20700556237725426,0.008554942427486667,-0.0014682074550044486,-3.606209261607249,4.886480203089236,-1.5277282408238024,-0.050359721102489985,0.007550990695140672,25.963116794792903,-15.891304858747272,2.6680344728019345,-7.009161873949281,-0.39508287670649345
1.7333333333333334,0.04393103332349392,0.7514803147808505,-0.0003923369279366211,-1.5889516029882982,3.641681998620389,-0.2560229696475852,0.005278049999423384,-0.0010653080543641096,-2.7488590027711863,4.528939139906606,-1.3882695598461927,-0.09587989889236503,0.010164881422625402,28.115814693457224,-13.614737724677855,3.044735734848921,-7.048421162345891,-0.45520384139041425
1.7666666666666666,0.036737059000004874,0.7510319082892088,-0.00034799457626319527,-1.6769067535059246,3.798863305629139,-0.29544658922821326,0.0018805081862453,-0.0007600577982200828,-1.7496435839221225,4.020671402581753,-1.1164202982471925,-0.11407477029617752,0.002994486811511496,31.794084846428962,-19.03691871927397,2.8839995714548454,-6.840629459875165,-0.48803137146426634
1.8,0.02686641444585911,0.7503598283316967,-0.0005013837444165118,-1.7390886749197059,3.940369211396168,-0.32000412920282717,-0.002121928962332875,-0.00033871986852168645,-0.5452665696012702,3.0605567051179228,-0.49892042312032875,-0.08980874077133194,0.0033238353390978464,41.387527535526615,-43.834709552956426,2.8615542665049576,-6.454793849236708,-0.4889395387080291
1.8333333333333333,0.014273893087963958,0.7515103374415307,-0.0005564045753188802,-1.7539070992191739,4.004428503667624,-0.3231761404688455,-0.0047528369076837995,-0.000135303228176538,1.0300149907502785,1.0573247079665846,0.23382855298520117,-0.06484652450387784,0.00796709790324527,50.58424278642609,-70.8546641349499,1.6154746104061135,-6.488911834245922,-0.4442388847357099
1.8666666666666667,0.0032698784546732365,0.7515532440643278,-0.0005462485966367481,-1.7098082776748353,4.002866705114572,-0.3072454373894815,-0.005692853098482775,-0.0004921375058988095,2.826618374497472,-1.7316906274209272,0.8325447101136668,0.0017341560133221634,0.0073605406392796575,54.7171206575976,-88.55016682406516,0.3760258178669531,-6.439836741288395,-0.2987745578631864
1.9,-0.0068544926491469465,0.7510844084785331,-0.0005867392906453449,-1.633336714299846,3.9923902582105306,-0.2746534566461738,-0.004380926898374327,-0.0005194180667944299,4.6649578532680405,-4.941697946013715,1.2721420091826703,0.02716184894174134,-0.002435014439958379,55.04514888820371,-98.36197803884419,0.7455459935083988,-6.519695687040191,-0.1869771574122808
1.9333333333333333,-0.015272852011342252,0.7509914314861685,-0.0005999122122937791,-1.4750894061471873,3.848729718353318,-0.23009984557671992,-0.0020591202848497803,-0.0003119137332749636,6.418068081866708,-8.247324839412723,1.5380315301971867,0.06054378566934737,-0.003982155613135341,52.411083232660175,-103.0939378585458,0.39588350849591913,-6.890221166292012,-0.15060756049701546
1.9666666666666666,-0.021809297429904964,0.7503290006560942,-0.0004630305526517852,-1.261233769918229,3.589337637644551,-0.1780096349435767,0.0005591692980853047,-0.0002531355309602465,7.973058546189732,-11.318042281188946,1.5631257989376617,0.10955460435142506,0.005406387331632952,42.412894044412724,-89.75779744240216,0.5744485891939187,-7.205867614828361,-0.10660776523738193
2.0,-0.029110092611941578,0.750429880014573,-0.0004310671527936637,-1.0053500851517239,3.2307104824622344,-0.1234910028199218,0.002353874228525177,0.00020845182815105176,9.135603258101114,-13.759910396192252,1.4292152805351566,0.07721643056600236,0.015494136210442572,25.313745876934625,-54.28382537334521,-0.9547881315605399,-7.221319309257995,-0.06096921971540177
2.033333333333333,-0.03311804617301268,0.7504355335890249,-0.0006308907512140618,-0.7016530993869283,2.746869975614802,-0.0784504520457309,0.00437443043530894,0.001053933297393924,9.601365080098933,-14.679355844046299,1.2070684204026847,0.058176756810201624,0.02091122011458191,5.558470715079981,-10.447945431359415,-0.5881488287469536,-7.57194990118939,0.029128478124107807
2.0666666666666664,-0.03521419575235505,0.7513203524341991,-0.0006146369267717884,-0.3440696553971723,2.1603758090692797,-0.04355794769647671,0.005965316313468971,0.0018953951516278295,9.513073455461543,-14.30538464226765,1.069280656671679,0.04316404959241282,0.02505485847372867,-11.244769226325783,29.965769479793728,-0.3951185724106764,-7.821854947570346,0.12328424408046393
2.1,-0.03688675434861088,0.7516115530274501,-0.0004703428426991818,-0.03842197420279708,1.7214744384603833,-0.005510620250213517,0.0056325554081358975,0.001901063446917533,9.019032800099676,-13.18590227633776,1.206922314468042,-0.044276103404948586,0.016670997712778496,-23.53030090189195,55.96650426218384,-1.3038982095285776,-7.804706960112002,0.21911039380223674
2.1333333333333333,-0.03669553081976572,0.7511150813991537,-0.0004121574136958963,0.25816522362298916,1.2873309735802447,0.040635303536968474,0.004809420366064798,0.002127558781057608,8.201086177850053,-11.623789345469657,1.490780162396381,-0.10824122432998529,0.009592030409644544,-31.111058573153073,63.71967667449338,-1.5930789249694088,-7.630951780431717,0.312625916727829
2.1666666666666665,-0.03638090529707572,0.7513647726352152,-0.0003509569829495452,0.49848060463909183,0.983180497257069,0.09421639258148476,0.0024247384720351706,0.002703214613958226,6.988704655233023,-9.185421385945858,1.6996694783545607,-0.10762602516954978,-0.0032204261062382996,-38.026135179810694,70.71829781424691,-1.654901134361752,-7.487940438674352,0.4116631606791094
2.2,-0.03265583953917375,0.7516753783774132,-0.00023388017545560046,0.7421016298416813,0.6610237282345928,0.15170993961671003,-0.0009053869898634215,0.0026071425150060697,5.495414569330171,-6.26339901437532,1.6991302461689475,-0.03702141441323015,-0.018628861496996784,-44.86116700681082,77.7464476979957,-1.118518060283184,-7.370058413043086,0.477505975397227
2.2333333333333334,-0.02674000074458316,0.7513627438331838,-8.486132753718718e-06,0.9408436991943503,0.41954132679667433,0.20746640130512864,-0.003208400006381562,0.001592355743907423,3.8293517570935087,-3.300927432447125,1.6093056972988515,0.018281925542598998,-0.03085446558667549,-49.691684690524056,78.97227806151557,-1.595441188170438,-6.870274520554226,0.4845150197732151
2.2666666666666666,-0.020994666237387126,0.7513325929406593,-0.00010401300688306764,1.0587325312445424,0.3308763371829726,0.2549766421931925,-0.003099679349544804,0.0005650202791180874,2.120873560758869,-0.7502631477733801,1.378796758489643,-0.014664345920627042,-0.03147602196554759,-52.271155625796005,73.65139041656094,-2.3201983215686135,-6.508051209279853,0.5191535775910532
2.3,-0.013441779292350586,0.7514327981165261,-0.00020540333211661006,1.121682485584358,0.3079809429447823,0.29233055941326125,-0.002703791840668268,1.6984636184622993e-05,0.4615360901323211,1.1341947346813877,0.9273425063032792,-0.007747637678241048,-0.013260640304409262,-51.47616019102042,57.79542055403937,-1.959656134015571,-6.439137714669225,0.5419519995980823
2.3333333333333335,-0.0027889769997196147,0.7511424723343574,-9.76406651979151e-05,1.1665546940469762,0.2582266733299523,0.3142029603658532,-0.004346716126556682,-0.0005859785752360292,-1.089388854103595,2.26593887146491,0.3705038345994133,-0.05311393181247759,4.6013747036416364e-05,-46.56194053269272,32.02547857399129,-2.4197358899908794,-5.911536200857571,0.5088102549310927
2.3666666666666667,0.008460748973494286,0.7513120124381337,-7.093642590072686e-05,1.1461154280839025,0.2877763397292855,0.3186531694591042,-0.00504653922412357,-0.000768440998787763,-2.433223191650201,2.5988125244670712,-0.23121330462478074,-0.05139264317632808,0.004989926669421164,-39.92265146883328,6.462401438728179,-1.8923421353075276,-5.988342400978196,0.5185528077599807
2.4,0.019629884796509078,0.7509556001045423,-0.0001311577730750941,1.039986807352909,0.4617682089391649,0.3046589209400618,-0.004895988875780244,-6.048240636705247e-05,-3.667891684170862,2.6633043366850835,-0.7414581845666997,0.02368715730799309,0.008592380364037002,-34.02263257446241,-6.2822098768882455,0.9528775143674979,-5.644380609391612,0.34254190360130987
2.433333333333333,0.02952637439616559,0.7504619449773602,-7.502436430468525e-05,0.8839174503284867,0.6583681408859828,0.2714445384433513,-0.0022485058274146486,0.00037981738076205926,-4.9189124514332505,3.123286992684943,-1.0862969085554512,0.09382770782507066,0.0066092115012760765,-32.74555870842124,5.819227862827603,-0.4937337012801949,-5.912264968765657,0.21709138158560537
2.466666666666667,0.03643444051833673,0.7511072561665834,-8.055518067017435e-05,0.6909359680667418,0.8620329379805827,0.23062078316743684,-0.0014566985998912818,0.00029034473353842434,-6.252153249076535,4.4334664219564335,-1.3208504520899762,0.07148076411333015,0.003015528193350006,-37.38078626949622,42.90368935192886,-0.07993941402188307,-6.401188448473836,0.17499793082489318
2.5,0.04447302622658071,0.7505088188930874,-0.000163380645359834,0.5308147258942151,0.8958727114557596,0.18437985674812976,-0.0003039942371770854,-0.00017240684236383282,-7.594756547944415,6.6063784246604,-1.41856314343698,0.0024493932004183705,-0.014675048292651774,-42.38897680173636,83.62192446518193,-1.2515681196479358,-6.991736113622903,0.140978793992083
2.533333333333333,0.05268606830427916,0.7500238315504412,-0.00027459805312401645,0.314770407191459,0.9156803673379277,0.14110872120219303,-0.0012485626666707272,-0.0006780774978311805,-8.863104179199858,9.40287015784772,-1.296833014689084,-0.04465007594030723,-0.021539891297263213,-39.464360613336225,101.31750190899075,0.6821722950710896,-7.198563987905309,0.1102610199693268
2.5666666666666664,0.05682579278645126,0.750796211884441,1.0019087704091277e-05,0.03279209298828846,1.1698677395157369,0.10141555872906441,-0.0036818515547378805,-0.0007199491093596779,-9.926498631512125,12.339669204389637,-1.172934412696002,-0.06242027534768724,-0.0046415135570675,-30.18449602709023,95.92650319897797,1.498985773173533,-7.778614414103117,0.07431841939694389
2.6,0.059334641599529316,0.7506631104687372,-5.4265166987517695e-05,-0.333992455360234,1.7540784894158197,0.06056290679440778,-0.0031586038785827997,-0.0008268966340747108,-10.577533781343229,14.614519554952933,-1.1618191272385183,-0.03393840578361029,0.0016005981877556443,-12.424803679149417,57.80375637089011,0.5737573777536727,-8.127943435529485,-0.006544847088973196
2.6333333333333333,0.061142521505889905,0.7505671974054611,-0.00024873208606909574,-0.690973770075995,2.2558837712392736,0.01610045901151022,-0.004357053635367092,-0.0014181928517333488,-10.671356140880963,15.680014756836483,-1.4147795997086883,-0.029832565561090263,-0.013931809784358328,7.2348988705702535,6.929334363582598,1.144881772169898,-8.178940054179911,-0.11508585097519008
2.6666666666666665,0.062055168356679694,0.7502459936142002,-0.0003244082303986421,-1.0602901653407022,2.8303059311309986,-0.03716896029807079,-0.00444132322353219,-0.001945745633192151,-10.151353742466293,15.253944962164816,-1.7071244160210048,0.03570437854976838,-0.023320383742935838,28.365970417523595,-49.18872331029598,2.0078899714499787,-8.049049993034949,-0.24372263072860212
2.7,0.06024976220903302,0.7501137260288466,-0.0002479082807452669,-1.411376214243973,3.375653201400739,-0.09460561116641024,-0.0016561278293990567,-0.0022919701684256596,-8.808850360275715,12.627029396767972,-1.7138002347082721,0.10801464740860567,-0.005055168308630304,51.45066225197636,-108.26984119797585,3.1586363504327,-7.85105718181564,-0.3843106774478518
2.7333333333333334,0.05770587603281853,0.7499725002633487,-0.0003252533076225338,-1.699607982700495,3.769056711650068,-0.1501516286386442,0.0018853188254466247,-0.0021820157974821396,-7.005692244876931,9.114230226884597,-1.5368950179066623,0.13424596882612327,0.012178653089139155,62.29522698594334,-122.48905732011426,2.8014896718988926,-7.513631080970663,-0.5046986301319192
2.7666666666666666,0.053652217318739266,0.7491495506286029,-0.0005842724407582471,-1.9109351377726376,4.007323509983804,-0.19549739017886367,0.004221097577105648,-0.0017997899288238295,-5.034232424451681,5.8663405445434105,-1.1962566621742787,0.09863611041567921,0.014802784499903784,59.258192323017134,-87.43608375810219,3.171229280901618,-6.8787537888833565,-0.5373033364989668
2.8,0.04752473098864485,0.7505193417380013,-0.0004564574420464389,-2.054139618075951,4.137126344007944,-0.22113387372121787,0.006756949858580996,-0.0012389589173657301,-3.1520178455837042,3.7185613536087065,-0.5699897591575188,0.03927718891413967,0.0198416461290873,51.2149888586996,-35.598822562056434,2.7633316901567664,-6.561203547941224,-0.6018468140068696
2.8333333333333335,0.03970608798426311,0.7509338207858237,-0.00037354870580170036,-2.167396224223006,4.286781175323628,-0.22302001066726543,0.007781437979112682,-0.000361552334167187,-1.4330129254600144,2.78543182243114,0.20663062968490417,-0.0027265792279802525,0.025015272129610563,46.937113642793435,-3.0255166123658785,2.015314841074824,-6.743690424517327,-0.6793337506617936
2.8666666666666667,0.03069184398812885,0.7509974013353884,-0.0006058472655669976,-2.24270246847349,4.440215790676123,-0.20482974874370494,0.007695804629106462,0.00048344921851479166,0.2243189178498578,2.4084682836377316,0.9562700163833826,-0.0477382205233301,0.018113505295505046,49.81128847585396,-7.399754306826687,3.9445631420232905,-6.312794432449184,-0.5845737385418184
2.9,0.0235497237503355,0.7504738350578127,-0.0006763982026760501,-2.2380005445967077,4.509321010122541,-0.16830894480515898,0.007256872377892631,0.0008195369208989375,2.074062122528397,1.3710684759544864,1.5445288651303042,-0.08482448558396172,0.010356927085016832,59.42518086889681,-49.78826363060348,-0.955356095687149,-5.407405808617476,-0.4316652949233969
2.933333333333333,0.018128404394037807,0.7513061621080026,-0.0006614194544604085,-2.132036481054499,4.456594972584993,-0.1183838579999374,0.003979594328960223,0.000876379635788145,4.207714777472143,-1.2066893826628071,1.6311813598567406,-0.05387089998994199,0.008192245857840022,66.97458331797833,-99.90590566573506,-0.18498691955527002,-5.582013406751425,-0.29276509063496275
2.966666666666667,0.01610198277728757,0.7511625589674346,-0.0003439179298752679,-1.983346603608015,4.414972779938755,-0.06588450386031579,0.0010744344828005348,0.000992346974562301,6.531037298198221,-5.274901906792413,1.3636700769921342,-0.03184055945528108,0.0036278927764374492,70.95820812652896,-138.78503072942885,2.1351578380965384,-6.550317018553055,-0.283735465674643
3.0,0.013489225080388394,0.7513083785275242,-0.0002299983974827264,-1.8112600134595433,4.384664087879251,-0.02696050219002052,-0.000673345982213025,0.0012729025399077865,8.73351549447193,-9.873884194353838,0.9155500603993548,-0.05424245261730931,-0.013048939247917618,64.7748611991833,-150.7730252210894,1.1169298316370906,-7.016011642670907,-0.2642419993324841
3.033333333333333,0.012217594590185408,0.7516023206213256,-0.0005230114241930055,-1.5360123666544396,4.107273460279659,-0.003049482329331721,-0.0034237999214244974,0.0008534236068833626,10.538819308657654,-14.205516591701727,0.41131227200749587,-0.06318662140063935,-0.01380507280425947,48.73704078301168,-131.01394625004707,0.4190905744029643,-7.340064175602782,-0.18377213214245947
3.0666666666666664,0.011674055525557664,0.7506211913927273,-0.0005553204061112674,-1.2117070605990896,3.7180864214311473,0.006547158072725358,-0.0038425050011932083,0.0003861446711841913,11.776801237034519,-17.697064398490877,0.019151278829569768,-0.04243418268781873,-0.00629594378107006,24.27376962825295,-76.50411368862606,0.027516696037081234,-7.839834414431115,-0.09863177396829344
3.1,0.01249910597034656,0.7516043487760182,-0.0003035156424793339,-0.7577947564612668,2.9258162868873043,0.004124788439611688,-0.0045653380065097116,0.00022364835639884868,12.124023353265908,-19.070696717780898,-0.17426394606409865,-0.03051810684645062,-0.0016211100659024183,-3.5544474074956653,-5.878013598310728,-0.4820729106652938,-8.162580501686838,-0.0008628583205251977
3.1333333333333333,0.013215782076418834,0.751299511727254,-0.00026642530490377414,-0.28662535208483336,2.0445074053951267,-0.003117927941330564,-0.004257622387414339,0.00022473513687099538,11.603747686971166,-18.266107298895744,-0.11675964226442945,0.010690711293680266,-0.001224289677864531,-28.60601513656166,60.264575682432124,-1.3562992548584485,-8.155238314287729,0.1062995637771828
3.1666666666666665,0.011418100098130286,0.7506341151727185,-0.000415129987812759,0.02071946154531048,1.692593185839105,-0.005654986528062457,-0.0020421841486686354,8.612408695291235e-05,10.39241391548857,-15.717843651389291,0.018212568644669636,0.1086139250819329,0.004948442629639123,-47.32408638857059,106.88087266609497,-2.0485359591432375,-8.004989994099944,0.21777418790527567
3.2,0.011438547588866678,0.7503893135409606,-0.0004230014626930931,0.36662525320691863,1.1880461878451432,-0.003922311036001448,0.0016013260412732766,0.00012736765911144384,8.723410220017225,-12.179259305955059,0.09546040916148724,0.18359764135608003,0.009906779279639627,-57.9389661094509,123.90974229365843,-1.9755149404503545,-7.762525503519963,0.319302164369351
3.2333333333333334,0.012455182563871528,0.750834915073813,-0.00028348208963400475,0.6582684837748146,0.7837216416764918,-0.0008499109631194806,0.005976900030647325,0.0006400832246169976,6.742280185422827,-8.234715942475171,0.07745049190170655,0.09240675969978618,-0.003598405282404288,-61.7327678280342,115.36113538567193,-1.8842555081072607,-7.36917932340983,0.37884730963627633
3.2666666666666666,0.0119135172936303,0.7508635850565112,-0.0002764532486347699,0.8726623989693593,0.53860864311223,0.0015266310506799052,0.007197504293575685,0.0006482071765699321,4.580983384270425,-4.335105282886024,0.037446335491609584,0.0018515728715371438,-0.01233928613438717,-59.912576669828184,90.47237619067315,-2.020341202871218,-6.93259856895504,0.4195876840915281
3.3,0.01145370842771921,0.7511549249996547,-0.00035738387233726304,1.0219884527098306,0.39626324774199495,0.000611154638907126,0.006117979393267303,0.0001213783603417154,2.500837414274241,-1.3006053763490932,-0.0004763275446714177,-0.07076601246470027,-0.0040159958350307525,-54.56528435512314,59.22818116567899,-1.8865618154764678,-6.523060679540426,0.46006102224414097
3.3333333333333335,0.011941986286153181,0.7516338596759229,-0.0003334265363933418,1.127411421196918,0.2810230905778942,-0.0007449372782994488,0.0023093182103153254,-0.00012860770351479848,0.7593109073664095,0.2566391236518393,-0.047764730052697074,-0.12305461495789949,0.005056571909466807,-48.53071036280781,32.19019283243581,-1.5085747111753147,-6.122837986240152,0.47208519447881525
3.3666666666666667,0.011759295681459439,0.7516435368858684,-0.0002841983710723867,1.1527428765483896,0.2864601760461959,-0.0015583554459313361,-7.98689848668932e-05,-3.445090244969429e-05,-0.5921290901420961,0.4912644550993064,-0.06476338151183897,-0.13666662883133007,0.0066488938321286285,-43.161020708517285,15.325439642725314,-1.1474550135618207,-5.846338215661444,0.45768032219171795
3.4,0.012712704045255466,0.7515930343823837,-0.00028988979464262177,1.1527428765483896,0.2864601760461959,-0.002086915785064829,-0.0034270755558378774,0.0003887956862566571,-1.8233571596085398,0.455935447725786,-0.09856312217575672,-0.07911253724932443,-0.006096081890496109,-38.85098915880503,9.99629580469795,-0.6126443569161433,-5.792306723734489,0.39879036300467
3.433333333333333,0.011699435030899574,0.7513695027265587,-0.00030125577666258077,1.0559782046574375,0.368292960565867,-0.004002009820649357,-0.005009142208295403,0.00027979347674540007,-3.062523994566278,0.8726383469205414,0.0017411466000489262,-0.010579954472891728,-0.00841540618174115,-34.78635688274086,14.150865172792962,-0.5171798933390959,-5.9364866606545945,0.318059245737854
3.466666666666667,0.011691949453899592,0.7511487914859785,-0.0002908306792762924,0.958844508617461,0.3915998218220281,-0.0016205093835032405,-0.0047227120634060205,-0.00018027794513053076,-4.303707953280607,2.0124006238532055,0.14108519565593172,0.06973277164673064,0.0039969174552038226,-32.85056877044476,30.54800348623553,-0.9584639689633383,-6.227313201293551,0.27501619930297433
3.5,0.011422187182417581,0.7511249580512748,-0.0002853384849865548,0.8114329306974263,0.4751632770040394,0.002930609519545012,-0.0027134311407905898,-9.867549347592072e-05,-5.557200741836925,3.96129050819224,0.19842148761890804,0.13930259625351127,0.00474514207660843,-32.63059877039728,53.77136259791952,-0.9067446495006078,-6.560913939326613,0.24040348953704543
3.533333333333333,0.011164726161235455,0.7504026736616956,-0.00029721693143658183,0.6100376650393037,0.6489897650400285,0.006924990096357253,0.0014309555284534037,0.0001993182855101855,-6.708116222226462,6.298768755977752,0.09077213799522277,0.07151576911619628,-0.004210209651907234,-36.252257391866166,87.68549705693478,-0.7885972757155106,-6.896063692743792,0.2040232355084072
3.5666666666666664,0.011963577127107822,0.7511323748965165,-0.00030098855390036234,0.4146325447151011,0.7759287922216834,0.007911284511020484,0.00333147838914738,5.971174996205356e-05,-7.780347528495444,9.052871724279331,-0.0197304314108544,0.028440385819893166,-0.005037768012831064,-34.31834105145015,101.49350298036853,-0.5927765500995062,-7.21437018489797,0.1655781348513617
3.6,0.012481309376496524,0.7516052914702267,-0.00028365258555726225,0.18297426748216733,0.993708108146671,0.0062851817293556045,0.0039665415515897084,-0.00023718416572698372,-8.677680380636394,11.892998924674995,-0.026030736551829803,-0.00784567425548488,0.00010424040205759145,-21.206447758689233,74.86046759477088,-0.21827571744966276,-7.481717687063326,0.11401230700115386
3.6333333333333333,0.012472110813417973,0.7513340622170319,-0.0002798108779731725,-0.09311396165685813,1.3412627054389419,0.005963989282965669,0.0034471647430196484,-0.0002601348113261834,-9.020600100357534,13.435465634411734,-0.0941751629961445,-0.04791594844138203,-0.0003801799305895451,-5.2822286312555775,35.518203688734815,0.2189171749838826,-7.679434090691315,0.04073555865522152
3.6666666666666665,0.012732500817010318,0.751088239272462,-0.0003027574542056391,-0.42897098753694984,1.9068116222745908,0.0043054868992858444,0.0019042212890050259,-0.00017054000182071947,-8.86330189399359,13.77964082593095,-0.14420499870730125,-0.07513045426467713,-0.0047201404765654835,13.474880440303188,-13.206400211070672,0.7949245434119336,-7.7385996576554925,-0.04336007042996342
3.6999999999999997,0.012988893922838718,0.7515784044706012,-0.0003174089118773506,-0.7624032436526831,2.5075487608788047,-0.0009248058556779199,-0.0007472203267214761,-0.0002903874933993236,-8.220572087964682,12.95553714125877,-0.10921823260951957,-0.05801851087641019,-0.003137128064501446,30.532601379324397,-55.31525724901993,1.2478765298723031,-7.672102036645706,-0.13835052542144313
3.7333333333333334,0.012472125821874446,0.7513345047570684,-0.0003166549485363597,-1.0388234417337237,2.936652990000257,-0.005178960477894054,-0.0039019272775275837,-0.00043003699849195146,-7.103240157833201,11.030343283041423,-0.042058077378859055,-0.06065772909060385,0.001171954004968172,42.85316728108005,-80.48633853390595,1.5095689925083065,-7.482973946180234,-0.23462829459589354
3.7666666666666666,0.012463406007528662,0.751077391910985,-0.0003260501553557373,-1.2461318031912663,3.2088663783398483,-0.004935025713149787,-0.005724649133088011,-0.0003649184033014183,-5.5531010177540026,8.201972213419952,0.04957925449647213,-0.041331544019435285,0.002172705283101803,49.87870072139324,-88.12060165319991,1.6768018993769498,-7.2721353434031775,-0.3097472771874808
3.8,0.01227002189520472,0.7514122933484401,-0.000348419638279003,-1.4056543830225052,3.4003476952346814,-0.002603395523118784,-0.005113269612995297,-0.0002559354719293305,-3.8641421534331224,5.421958738048319,0.10693482943970556,0.02163999469543576,0.002232816672495035,50.04320594954864,-75.66366478428503,1.5299518138793826,-7.087188427528707,-0.3636713423208955
3.8333333333333335,0.011948998938794978,0.7508617070366179,-0.0003567053572189,-1.54264156487096,3.5880668703358807,0.00011128933496672329,-0.0035510425062976747,-0.00019611832092267017,-2.2610002919244954,3.274889262613212,0.044792199969207136,0.04792973339142392,0.0027315187021757356,43.494342652549136,-47.599216457435766,1.4896831999202877,-6.891658747160846,-0.3944543431288096
3.8666666666666667,0.012715552490162626,0.7508211338666875,-0.00035885746870164897,-1.6128582828082236,3.696161401191521,0.00312078590463097,-0.0020859304102590626,-0.00011529838684110657,-0.8286453997089747,1.7633621352491557,0.06771881518206346,0.04463187057449858,0.00239428173886045,38.66125830995048,-28.418573899403867,1.4662642356814817,-6.674628939647698,-0.4127523971263798
3.9,0.012977944432769816,0.7508072456355824,-0.00036093230937197753,-1.6525905966079337,3.7992169881417337,0.00429556756938012,-0.001052969162859685,-3.224901341737402e-05,0.4274909768029857,0.788616225636088,-0.00897776608839529,0.027751458226230596,0.0009622783637786483,33.92352270970731,-20.18646430014898,1.3038260754105755,-6.5706913409314955,-0.42615330870938617
3.933333333333333,0.012194499545848858,0.7505967868009907,-0.00036591678875396767,-1.655307484151044,3.8681174578936295,0.002567878835672362,-0.0016551215473640246,-1.4862082640687134e-05,1.5294910928191803,-0.011262978457821649,-0.055160698667876235,0.0014849842414559333,-0.00017277646997752166,33.85154504108618,-32.629910041675686,0.8627517571534651,-6.54657184493176,-0.42145476340110377
3.966666666666667,0.011925714343134122,0.7503512573584973,-0.00036127062381686477,-1.609881509989965,3.8831344396816867,-0.0009912717936488586,-0.001134968780650003,-5.332981137753663e-05,2.627008531087294,-1.283592427220069,-0.08794672838277132,0.03939940179030721,-0.00035760206616842604,36.40055063125172,-57.222613632971736,0.04276307000027812,-6.700586130154012,-0.2795991276898232
4.0,0.012718620209225089,0.7508209714943567,-0.0003689345481773116,-1.493524334718529,3.761884642475717,-0.00468305233044791,0.0010052646189361303,-6.76134608709864e-05,3.798409339637241,-3.2941424650989584,-0.11843988778557857,0.016716466316431422,-0.00024055709339125802,35.624771980279206,-71.40043040542186,0.5869010251964977,-6.839512755741655,-0.2172649769388956
4.033333333333333,0.01296384516801041,0.7508079919002941,-0.00037087556193451314,-1.3599989179815384,3.634799791460506,-0.005545434339390051,0.0020609555962354253,-5.745464790890439e-05,4.984365980144694,-5.826897418206124,-0.030783741485721217,0.004662246549518301,-0.0005788539626856801,31.912584070805785,-72.44298416007575,0.43234078803417353,-6.950380959259535,-0.17813697795240455
4.066666666666666,0.012455182563871528,0.750834915073813,-0.0003694589044201458,-1.205125877028473,3.472528336532388,-0.0043799355611295,0.0021577233748347746,-5.730954520349364e-05,5.991795885405085,-8.219785348808362,0.07026173834286736,0.01687788486282038,6.284854374346248e-05,24.434081917975348,-58.531744409228885,0.19943561218255032,-7.143382305742422,-0.12860740595605805
4.1,0.012202460097654206,0.7508482915059602,-0.0003690297607848882,-1.0218400633676432,3.2521644610050426,-0.00096408679049006,0.002480681630176451,-3.9237361937116634e-05,6.635310898187346,-9.790558693750368,0.12013423480220978,0.017707627497475897,0.0018826129675669143,15.031829721753043,-37.84548888406718,-0.03253028735522001,-7.239259741277675,-0.07135698150231302
4.133333333333333,0.011673989316668664,0.7506192392324577,-0.0003743155873058731,-0.8176568608975691,2.964417743814576,0.0016784840087646687,0.001072745121836638,2.9241803057987567e-05,6.853944539812374,-10.333700580681247,0.10094806114156318,-0.042729263424538644,0.0026786526845634026,3.2794046118172737,-10.369997467845675,-0.3482567951511847,-7.385400340738437,-0.010115970631153564
4.166666666666667,0.011926420485914205,0.7503519024045837,-0.00037770441350734016,-0.565872933420243,2.5369517719312698,0.004418043230166709,-0.0013500239400993097,0.00012112429465939033,6.755737879709318,-10.220370624028325,0.09620550548481449,-0.05227365665781036,0.0021628555670470985,-8.150220079272595,15.804944998808459,-0.688118960675823,-7.405337084384461,0.053145965020548934
4.2,0.012464217335736362,0.7511013147717612,-0.00036823929270167667,-0.31303110565780257,2.1116295558873257,0.006999204294669322,-0.002442079562041455,0.00017991830819789791,6.348172647876543,-9.473285509358409,0.05376842762725842,-0.03522749379638057,0.0014136366778841041,-18.76520606338079,37.22703890189966,-0.9728327179801981,-7.40827267385372,0.11568648484150533
4.233333333333333,0.012210360139573597,0.7513577960033588,-0.00036392048218474124,-0.12478755558361482,1.8796930497696587,0.00806794316807323,-0.0009255608555744921,0.00020069108675271706,5.622123973997835,-8.149167171130166,0.008975586047006823,0.010477380430607752,0.0006959980703787087,-27.376881905833645,50.90994791467544,-1.010911261402312,-7.333246386207996,0.16770352554065285
4.266666666666667,0.012715080238189902,0.7508211588626704,-0.0003588635824567491,0.0566762775393595,1.6300310849273907,0.0067228320527064,0.0009613551440509349,0.00020940106143594106,4.622427291924316,-6.443801406162176,-0.07732779086964334,0.07352067646042926,-0.00038458681003226275,-33.15831272666591,55.17429814045173,-1.0364370316019138,-7.214911883356359,0.21276566822464804
4.3,0.013991661924925557,0.7507535902425608,-0.000345159925774704,0.227329806070486,1.373217488439666,0.003932361433063905,0.0034003366672185065,0.00019018149399382598,3.4490199505489194,-4.5507573275801665,-0.184519104113287,0.07612139310376165,-0.0013009039686290675,-37.10176917335375,55.35994570952561,-1.1843626791027615,-7.078907889580574,0.2484457690589735
4.333333333333333,0.012703212821960621,0.7505653064516153,-0.00034060903681595135,0.30920178479126886,1.307481107775999,-0.0042252094024244815,0.005394148389685105,0.0001438214567271036,2.136458651340323,-2.5784156832123637,-0.24798855353787527,0.06133282170089416,-0.0017594454786704385,-37.75133940713062,49.98079908453538,-1.0614696638826873,-6.857235330073171,0.2774974757516782
4.366666666666666,0.012961501520204647,0.7505507230589982,-0.00033974968291040664,0.394374599940874,1.1831906022849288,-0.011981621453400947,0.0015100519050076366,8.604644289244011e-05,0.8136104180658632,-0.7296591789838418,-0.14840922995424044,-0.05579955670230241,-0.0016933699691346494,-35.73793244250069,43.02072549118231,-0.9918042894824529,-6.73562586591526,0.2965570425980455
4.4,0.01221226353022473,0.7513595346336764,-0.0003367657972976078,0.4264678813164995,1.132213992305129,-0.012053663589005233,-0.0009503978565923443,3.7886016009604717e-05,-0.19578797991466723,0.2121467069404166,0.05140709228358514,-0.08393505939707957,-0.001362989995078433,-28.725045012830186,25.90111946960868,-1.0169973083559862,-6.633212783182187,0.3049735833887329
4.433333333333334,0.012201846043556716,0.7511033430962417,-0.0003333248017931442,0.4264678813164995,1.132213992305129,-0.007869801775229633,0.0007213864867737785,-6.417650817554081e-06,-0.9498890976793716,0.5345481648754089,0.15402051431348324,-0.035867719277117516,-0.0003897039010295287,-22.969740278753612,15.264087799518236,-0.7671307330432442,-6.558669755703971,0.3089384165461051
4.466666666666667,0.012749312666985705,0.7515910952059335,-0.0003378393688752612,0.4129406040360305,1.097959993297809,-0.00241872065430139,0.002139492998587622,-1.3216809551655289e-05,-1.6454019998348501,0.9491772656390287,0.18891990010606136,0.008518530568206728,0.0002628098579597624,-19.886569938756306,14.813206255410613,0.0900491032426396,-6.630507299915999,0.24486867938571893
4.5,0.011708819773748644,0.7516462106191834,-0.0003341095542229879,0.3333877917343087,1.1929721461373741,0.0016035627355268055,0.00239480317198848,4.750070373618371e-06,-2.358761023361966,1.7481847569168925,0.1403043912775993,0.007432321542989229,0.00047944181278410103,-19.290744037210537,22.465123236358366,-0.284106435538366,-6.723843909269155,0.16862259964031065
4.533333333333333,0.011444273217443296,0.751165122369012,-0.00033116487372116183,0.23357937734974643,1.3153816429723364,0.0037553099310215082,0.0005537450886515805,3.130006799730424e-05,-3.0835658349733412,2.925458670945551,0.040684309053898915,-0.01545756162099643,0.0005308669605892007,-19.087990986222003,31.243187647545028,-0.4034961372042229,-6.832156896799135,0.1287322942726043
4.566666666666666,0.011388914455060422,0.7503675588295371,-0.000334617119444197,0.12383131590513374,1.4385063324797762,0.003376612587398846,-0.002920330477564126,4.949555006360381e-05,-3.7685450274595276,4.285379196519995,-0.04055207548419901,-0.03220829379982426,0.000591528423339008,-18.19355964369233,38.44718379321694,-0.29374821521754835,-6.900378672210053,0.10400462420704461
4.6,0.012455182563871528,0.750834915073813,-0.0003325441070719185,0.036875239245923674,1.4711096771617114,0.0034208678099700175,-0.004787853239902939,6.149898500724016e-05,-4.271531547718908,5.4261097550476896,-0.07062348254003736,-0.027784873857715553,0.00038372894263134956,-15.605658617218154,40.6803506558454,-0.18205736273088918,-7.021291274161246,0.07009757659910482
4.633333333333333,0.012702852475242842,0.751061156156459,-0.00033100361929415336,-0.09441261894816477,1.6198837808990467,0.003294972725838615,-0.0039230532154059805,7.193655909140342e-05,-4.581969240659139,6.306864186886829,-0.03740718480095706,-0.04266829963273011,-6.120212721917942e-05,-9.378469107935821,31.058231220130963,0.03189932369632001,-7.124023229343041,0.03265331287200096
4.666666666666667,0.013016946254782684,0.7515769185249712,-0.0003283986661229487,-0.24156182444079274,1.8066305017843074,0.000766132994016476,-0.004647523376642759,5.8611051036745276e-05,-4.797465172084599,7.099852321947347,-0.010593821001863901,-0.06319640074269728,-0.0002680185871170009,-1.7001432148539521,13.900155057466336,0.2706118540902053,-7.157266080241153,-0.009559782885897362
4.7,0.012473276102116265,0.7513684219730824,-0.0003247117034030203,-0.4112620717638015,2.0663071720137123,0.001980882355571565,-0.004674605888420946,3.723705997076427e-05,-4.6443277828228915,7.069649430379788,0.023337800397635583,-0.013967274890896775,-0.0006072498049720081,8.15464790344902,-8.474633704548182,0.46596314754305096,-7.218250379408043,-0.056210101897964944
4.733333333333333,0.011970945853509826,0.7508605454010107,-0.00032337383486874386,-0.5967954798403138,2.407631223123649,0.0031524316415727175,-0.003286717825959906,2.0850461877395426e-05,-4.213004172933386,6.4815336954289275,0.014110847203017224,0.051049263459097105,-0.0009538277879659269,17.165926790690822,-27.87221849057272,0.5869729944336823,-7.22307061364088,-0.10445113003117952
4.766666666666667,0.01135187548879191,0.7499466688911014,-0.0003232038076022279,-0.7631140867860922,2.6958500890991166,0.0005662509512179836,-0.0033374799237095853,-2.587386207002435e-06,-3.645011052973208,5.6811685954836895,0.02271124716060957,0.08636713247095429,-0.0007054850810083507,24.040921180156424,-41.398251614615106,0.7214824246143551,-7.164245378588271,-0.1488292656182812
4.8,0.012841868400812306,0.7486467760565516,-0.00032345150384116317,-0.8666504878501085,2.843512274997982,0.00018491056826035537,-0.0017037944778983682,-1.823038436404845e-05,-2.8302098323111,4.332167553564321,-0.011720587928639004,0.11570447637208936,-0.00026352394181416734,27.024055361605672,-45.23796631812303,0.8148780843679492,-7.1111006587104075,-0.18543742572672786
4.833333333333333,0.013520082685162586,0.7510224235304617,-0.0003245740453261103,-0.8932652849675771,2.776633946734701,0.0009181706485748547,0.0029959815642887078,-2.2474398415228735e-05,-1.9043998749509015,2.8289269464695384,0.015822151341579827,0.12831295773978546,4.186445694439288e-05,27.70112051345762,-42.66038997514646,0.8604420399945263,-7.022355168016635,-0.2126997668271495
4.866666666666666,0.012716401290871454,0.75134973679021,-0.0003258542121725347,-0.9827161514729053,2.939807803007128,0.0018542018074345096,0.006755174486044235,-2.0374311995570524e-05,-0.9954283921719277,1.4977836406697038,-0.03859757132689534,0.09843413083152264,0.0002928203774627009,24.131446026729826,-30.63179570235848,0.8300104824692783,-6.982071902802655,-0.23269930576410772
4.9,0.012978312931663866,0.7508072261311809,-0.00032656894353937533,-1.030825685529509,3.0391526197177656,0.00428508148075727,0.010307682974327381,-1.4685089275154773e-05,-0.12849672014347877,0.29803164187284836,-0.03119326038626724,-0.004969917494687337,0.0005438231469111531,20.47106454720017,-20.146335004791254,0.7546775769127547,-6.950959324097179,-0.24578732064797812
4.933333333333334,0.012455182563871528,0.750834915073813,-0.00032651694207625636,-1.0472104423140594,3.082076386898096,0.0025685819514416532,0.008630307830681971,3.804355907131667e-06,0.5130146469535397,-0.3340612101354772,0.005495250614836578,-0.12458641113396673,0.00022954124818763775,18.086852466831054,-16.435177619444264,0.7521565298209889,-6.916639313051041,-0.25258346215791877
4.966666666666667,0.012455182563871528,0.750834915073813,-0.0003254312584875873,-1.0326321563765561,3.0821750592271417,0.0007105363943033429,0.003920532729629778,6.508689705013817e-06,1.049843546292982,-0.8173936215424198,0.024131364595852967,-0.14712921308546,-0.00024575163805507817,17.42845514402161,-21.04347076749211,0.013895178748920989,-6.926301593268619,-0.2209822119701378
5.0,0.012704946093145212,0.7510630686309225,-0.0003260086618409502,-0.9935440056497882,3.0489762723867617,-6.93708229115627e-05,-0.0017113669572019763,-7.653535025120334e-06,1.5558006517667706,-1.4122613228050893,0.03541718271123667,-0.09748552021418355,-0.0004929543595413952,16.887107090957926,-27.190341877528123,-0.2698519407342493,-6.958834996354637,-0.14881801621871737
5.033333333333333,0.013253735348778696,0.7515643756918068,-0.0003259801947119424,-0.9221353454411603,2.9486222590155613,-0.00047505938053756837,-0.003930920745821576,-2.8436284385129334e-05,2.0577193887217198,-2.2524493311833154,-0.04404336239230286,-0.03273530983050499,-0.0007593976415627719,13.71561706469818,-25.86666978909367,0.09827243571501039,-6.989574692845277,-0.09232804335766993
5.066666666666666,0.013040342725642782,0.7513694461671842,-0.0003256498397165529,-0.8606552196399518,2.881659921751401,-0.0015130865373311105,-0.006090583833562979,-4.653733204063455e-05,2.436677679602702,-2.9633840672267215,-0.10520265872448006,-0.02452878429037142,-0.0005293448779258528,8.731286186502187,-17.556694410595952,0.04683530743537968,-7.016949821465758,-0.05980626902155334
5.1,0.012699887799098844,0.7509421718873155,-0.00032944085869718374,-0.8005313848488548,2.8290979117805026,-0.0038827460707897225,-0.006951541784665949,-5.641894487899842e-05,2.666406041278417,-3.447463155664764,-0.15797350161739326,-0.0626950207890431,-0.0001863202101932476,2.2804634779254864,-3.159283515109159,-0.054199550860503445,-7.045738529611168,-0.026679842574095034
5.133333333333333,0.013527852095502398,0.751305077127343,-0.00033200019669992435,-0.6697707287384853,2.628130304423136,-0.008219274121846032,-0.007292843960318596,-6.614257453500165e-05,2.703598021453005,-3.5245261797790635,-0.11545138452253029,-0.057012600489837695,-6.750959904939895e-05,-2.115432250608537,5.928779723551905,-0.17532961846186096,-7.0526654924998455,0.005804533890197323
5.166666666666667,0.012190636866926273,0.7503537978573673,-0.00033198185144117144,-0.6130732397379165,2.5956213862950595,-0.009822019244825243,-0.006720659841745746,-6.625352457679802e-05,2.6401096117792062,-3.4083165680494245,0.037571340337057724,0.01959020816864765,0.00017195104936880597,-1.9455100431097172,1.4509432815587928,-0.2851327096318271,-7.0494843098984585,0.03635612499134783
5.2,0.011638656490784483,0.7495774555684552,-0.00033427815933256773,-0.5332947895408411,2.489486077833445,-0.007147250823893104,-0.0050019028798689025,-5.751110688052358e-05,2.5653573868190187,-3.4158666056715923,0.19258271992459197,0.1584594304981941,0.00033253936477382114,-0.506251827461945,-7.221181154819774,-0.36200068213188413,-7.064329306907242,0.062352740784301725
5.233333333333333,0.011908521142497262,0.7503355517432907,-0.00033738513708814823,-0.4237023240690458,2.3036714606402455,-0.0012661583876555256,-0.0004541527899669662,-4.779027071867212e-05,2.475571399473058,-3.5500701159713426,0.17580286798692935,0.24699647326348462,0.0002960516067011939,-3.1243986503235117,-5.619614858285054,-0.4234199315081815,-7.042326277940102,0.08486484473574776
5.266666666666667,0.011972737079102623,0.7506234542714442,-0.00033927816560008056,-0.34607465966377976,2.214283867245605,0.0008276862608187358,0.007540831906338807,-2.6682521146266644e-05,2.2641593304262813,-3.5400514392161657,0.07384496915280447,0.13661264520168892,0.00046213065590723634,-9.685935355068349,8.40701092755485,-0.49497531693426117,-6.992003536545905,0.11016570230897052
5.3,0.011582953526577433,0.7503394430851675,-0.0003391213917464976,-0.28417576541330125,2.13341549472641,0.003307318445490681,0.010715907927083657,-1.8011143612819622e-05,1.872442654109093,-3.100311019369687,0.04435999790328066,0.0463231408427216,0.0002805071259523338,-12.696048016272687,13.871576227934376,-0.5473214899027357,-6.953933814608071,0.1326834107294068
5.333333333333333,0.012760690632080188,0.7505893656929004,-0.0003390021401617174,-0.20279791003653042,1.9830144128799498,0.009594950794537357,0.011301825362530882,-1.6905788528865306e-05,1.4966973771793008,-2.756387741671646,0.06309801581402055,-0.027774452419182083,5.781802686284816e-05,-13.933154668757606,16.287555286581615,-0.5821118608555563,-6.922016947532196,0.15040000255001354
5.366666666666666,0.011900362887881856,0.7505487728845219,-0.0003402241212937189,-0.1775130215825672,1.9528622080184257,0.010369227105459766,0.009477611306730638,-1.457442206321207e-05,0.9917990922068585,-2.1155319268305273,0.02117850800587362,-0.10196228315208522,1.1062394863514333e-05,-15.931739582130973,21.88496394173817,-0.5897898837942652,-6.938144099803393,0.16292415905365273
5.4,0.012709183322763011,0.7515932208767618,-0.0003419960060680726,-0.12424713356904332,1.8225407911424991,0.007411869429556309,0.0013930306861665853,-1.0632879349083786e-05,0.3517447229397954,-1.0535712333114886,-0.07509129427535333,-0.21009498129132353,5.747325709388237e-05,-18.58456449981847,30.73729366256581,-0.4984046117954853,-6.892655129528037,0.17161799934046146
5.433333333333334,0.01303241266380276,0.7518049720836663,-0.00034188200271271797,-0.10798487177483845,1.776320901827165,0.0034494771680142512,-0.004045793108098494,-1.1309197876275623e-05,-0.24847976380880266,-0.05742472181769154,-0.12789585205360604,-0.17598529272378727,7.066395326447202e-05,-18.08108579574373,31.35542077208534,-0.23896976778197335,-6.905665603674699,0.17162150615016297
5.466666666666667,0.01272316655286656,0.7519018823507233,-0.00034200771812095855,-0.12092475269830562,1.7797378857214428,-0.0010974336571249622,-0.0051197110536395085,-3.4749364275207047e-06,-0.7582538440258887,0.7486394962989507,-0.14823224672842011,-0.05012037687715143,0.00017531012707376094,-15.207210539793511,26.233819485037507,0.22951327073447433,-6.939467678077252,0.14272545293613437
5.5,0.01299246090908959,0.7508064772881402,-0.0003389395124336342,-0.15960099677017525,1.851259300062223,-0.007437469306085347,-0.004413295115885951,8.42338523853321e-06,-1.2261175243703073,1.5625480205268056,-0.14606234819945418,0.07139592391564697,0.00030619872171337367,-10.993301899452664,19.050529067205062,0.11596540912232112,-6.944703403620607,0.06984402710139931
5.533333333333333,0.012455182563871528,0.750834915073813,-0.00034214631351335036,-0.20465973006491267,1.9155770075629759,-0.01105287331568112,-0.00191452716548135,7.790400487511838e-06,-1.5479273631890262,2.1596128600648066,-0.103422307101148,0.12200751394363074,0.00025622473446903875,-6.649161071978288,11.718038926088724,0.012382997141968796,-6.950013696090274,0.038021797255940556
5.566666666666666,0.012693534625081758,0.7508222992576504,-0.0003438666606895821,-0.24158814332633347,1.9521395465750522,-0.007444335273203877,-0.00011176882319408055,1.8048682480414197e-05,-1.6193472970625626,2.2746517309062235,0.03126863613913314,0.06833649728942603,0.0002771671525746526,-2.5324497715354823,4.2119951009641525,0.003495776869266513,-6.962677222705409,0.015993579397615122
5.6,0.013000444363814203,0.7508060547291884,-0.0003399938359151265,-0.27748268450340097,1.9795850708082132,-0.006557621835030333,-0.0010189062519612158,2.883220671952264e-05,-1.6974247332346568,2.4656715225626358,0.1370630297525201,0.03041521435137895,0.0001409695115799697,1.8826783505565654,-3.6471398525722094,0.01085448752766018,-6.952569903267632,-0.0037314865663333908
5.633333333333333,0.01198933639953284,0.7508595720016342,-0.0003402591487370343,-0.3494130779041156,2.0929925311032185,-0.0030077793965001855,-0.00040627639956525297,3.0193220346719468e-05,-1.6118480254678318,2.320378215484446,0.17008580642766413,-0.00023468502541845737,1.8483508889510086e-05,4.200232489846584,-5.924752491420193,0.09445762001088005,-7.016722565912764,-0.024344632355938565
5.666666666666667,0.010681294702260752,0.7509288057791895,-0.00033817882710463474,-0.42936578674340514,2.2357860522958584,0.0020493733370195617,0.0015877376028191614,3.242738740322806e-05,-1.4192156829667786,2.001400471643637,0.15175166275754043,-0.056797325600834725,6.106882425620241e-05,5.039724915706331,-5.284134237857273,0.13546171828612724,-7.010622159742466,-0.044513650362157944
5.7,0.010814249312836014,0.7511446017670607,-0.0003343719154848202,-0.4725234829061245,2.296753098430553,0.005376747292510383,0.0014027922351418365,3.167580181758937e-05,-1.2314977769204283,1.7938449609361529,0.09177551579830731,-0.06861756602412505,-1.4188026337749737e-05,6.008981501598014,-6.619434919858641,0.15647960048077736,-7.015938748964282,-0.06217757883314983
5.733333333333333,0.012940612190864415,0.7515809619773631,-0.000339928430223851,-0.47459925230234007,2.2601060319691477,0.005669074357339456,-0.0004410496627675897,3.192554745326152e-05,-1.0578936755875668,1.6630794356412373,-0.012973458053199605,-0.033748321224143396,-0.00011859312192283658,6.031342433491765,-5.850797697809654,0.21559952913681893,-7.056820397576524,-0.07736055663986163
5.766666666666667,0.013332045183244682,0.7513316440260772,-0.00033575304073328756,-0.5062511298515681,2.3057143336295356,0.005795530871454922,-0.002265256417732675,2.9092212358764998e-05,-0.8250508179506426,1.406875230398855,-0.10165824267185622,0.009515651832279204,-0.00018809033039960885,6.617296595610219,-7.482371347198139,0.18039753411632423,-7.044041407436411,-0.09319730069404136
5.8,0.011882517585090156,0.7501986796981629,-0.000333783000395359,-0.5764154889482908,2.464634893353885,0.00370519009365667,-0.0034553207536346386,1.8717301147157305e-05,-0.5786941623630838,1.0997923603357496,-0.06779925343955487,0.047974214046091035,-0.000239325734329561,8.696160580566442,-13.367078496882357,0.2949170692818994,-7.030991953772293,-0.10269518297905154
5.833333333333333,0.012625550033254804,0.7493862613993565,-0.0003344727919363119,-0.5914456614105658,2.4985039887497367,0.003362729976800694,-0.0023215644682825776,6.807439502626463e-06,-0.2573356039758591,0.5676256782643423,-0.056993654277540495,0.023432620932061,-0.00023386979071604933,8.450974873791134,-13.244182885941747,0.18971953222536772,-7.005192663707631,-0.11237794049327769
5.866666666666666,0.013032165514546619,0.7515761123533994,-0.0003345507387038399,-0.5684388843067464,2.412547596032291,0.0011339024950032858,-0.0014445195922395682,-2.7054928581405117e-06,0.011396615770119078,0.13284474528109946,-0.021565012245550685,-0.003552151570533013,-0.00028208086261007504,7.730398654837041,-12.39419862570864,0.23472222601330384,-6.970719702497017,-0.11459292595829172
5.9,0.012244924261304496,0.7513893682031622,-0.0003316361823604344,-0.5855837710030865,2.4642062356949412,0.0026715317202795907,-0.0009834148185816627,-9.587683537339443e-06,0.3035762492766217,-0.41277387095314766,0.09807838878042657,-0.030468986175558044,-0.00032776773956596887,8.11568774297514,-14.59884790106701,0.13231016911828136,-6.975177835601742,-0.11568665647513131
5.933333333333334,0.011918314411184502,0.7508633311482678,-0.0003341874916697691,-0.5923779567781409,2.506779427882357,0.0013182491541372503,-0.0006608924474951205,-1.656108746077382e-05,0.43923491102613704,-0.5859833176754266,0.04513067318740133,0.008311873940430203,-0.00039860109788266394,5.342755259397951,-9.618735522695069,-0.5823019751689702,-7.029400238291029,-0.09907355478309644
5.966666666666667,0.013132426558168753,0.7505709536112708,-0.0003369529356316713,-0.5606734528077867,2.444548692979048,-0.0006560328061436978,-0.0009942849189822356,-2.565085007166654e-05,0.4880953337133457,-0.5939712129431471,-0.02773110206359572,-0.017373852972381698,-5.1556279089830584e-05,1.278516767033075,-1.1365950743503603,-0.31090883551910364,-7.000468168798675,-0.03203764986665801
6.0,0.013821764481293538,0.7499908787557673,-0.0003332334178306929,-0.5302062350617148,2.3878822151009755,0.0013223128687644102,8.338048907952089e-05,-2.4778158223144153e-05,0.609343052990443,-0.8952600063966927,-0.0844369907780724,0.032321564554134596,0.0002503877310919226,-0.49583828212176506,0.20554459775578948,-0.1531667370330268,-7.004221557776087,0.001097686361794227
6.033333333333333,0.012117684650924453,0.7503075165756856,-0.0003373198212027635,-0.5368049257763119,2.420761323424229,-0.0008153202940747676,0.0006846005551083278,-1.6047395766832383e-05,0.5846640411024967,-0.8889387896667866,-0.17164466842253936,0.06261867744331262,0.0003084326631039814,-3.4558124475366974,5.739483321614834,-0.11893601793040849,-6.963539433493858,0.019828983781090756
6.066666666666666,0.013227610655031481,0.7507940309683963,-0.00033752972422396795,-0.49480138759237124,2.3342313126396452,-0.004228039894160701,0.000508426686130603,-7.846264295394373e-06,0.4780187256737978,-0.7267005419011985,-0.08230717050605524,0.05239795534065195,0.0003596073360878872,-2.7775105398977473,3.258322755875355,-0.13189771224940783,-7.016946129915699,0.032581606315967515
6.1,0.013021826332171037,0.7508049229958162,-0.0003363396777888956,-0.48155121502357234,2.314892229637803,-0.005087974119540851,0.0015643218153645888,5.662932945688288e-06,0.39562601615533244,-0.6607380779675289,0.094511856646365,0.03421868767309455,0.00019473802979735715,-0.4090694181385359,-3.112852104547926,-0.1510020021494755,-6.9941037040350285,0.04226768332934408
6.133333333333333,0.012242402217101173,0.7508461773961281,-0.00033805706407916234,-0.48281829402468623,2.3325276198729163,-0.003483551274911227,0.003813987588753953,9.13671020758846e-06,0.32839535330598185,-0.6306752940039355,0.13593854162449662,-0.01038273346519425,-6.55774255283589e-05,-1.2982414773099702,-0.4727472701780826,-0.09214489186528504,-6.979639729179729,0.05154686257407815
6.166666666666667,0.011878788108832644,0.7508654232491773,-0.0003359772790218476,-0.4809067939840619,2.3382159780535607,0.0004319973372752077,0.0037241264076688374,6.901562592094243e-07,0.24037181089338883,-0.5198834356813156,0.06627896350325826,-0.0965685932333642,-2.250249941242958e-05,-4.478785009195137,8.660385737742196,-0.05866775928322808,-6.983702350488803,0.05822703667458962
6.2,0.012455182563871528,0.750834915073813,-0.0003362369174400324,-0.45610599993518197,2.275635895815172,0.000341306103701821,0.001129746579210722,2.8863616139659974e-06,0.05426863850726721,-0.13020683627156204,0.005755477558013089,-0.09132215989776071,-0.00017482816908998347,-5.731783838255636,12.627580117522136,-0.2006166518892415,-6.9826216525743705,0.057814303582159554
6.233333333333333,0.012455182563871528,0.750834915073813,-0.0003368060243314124,-0.4560971181207594,2.275611564406422,-0.000875505661964841,-0.0015844746423666622,1.4835790439556192e-06,-0.14719301315778327,0.3411064666862038,-0.01572122533528325,0.017598177239271706,-8.373900557455665e-05,-4.34848546283202,9.55103100588039,-0.1419649101883716,-7.042374117606066,0.060789502344121595
6.266666666666667,0.012455182563871528,0.750834915073813,-0.00033609112535101993,-0.4563103268720656,2.274068247863186,0.0015140726247524355,-0.00324226151012752,7.539156989643924e-07,-0.22833192818584702,0.53609760959755,-0.056478497307813263,0.04857570691156177,9.69697220305505e-05,-3.354611427842501,7.972885668830145,-0.015020222280373169,-6.971908575355995,0.05973673055485971
6.3,0.012884018234871824,0.7508122170868025,-0.0003366370194423185,-0.45229355098438273,2.2588956875076383,0.002705075728599274,-0.002604315447989669,3.285457931493513e-08,-0.21212335261237225,0.4844818255534391,-0.027340880799005568,-0.05044845179436663,5.762819187286536e-05,-1.1327319019231545,4.216483173009095,0.3065354415331796,-6.964307216631998,0.04370229148203963
6.333333333333333,0.013365795178109943,0.7507867169534435,-0.0003368727987571037,-0.4574285440774565,2.273482770678312,-0.0016219482787587069,-0.002542758631678299,4.7395279267848853e-07,-0.2548535675992065,0.6254576853073917,-0.024749745160065145,-0.025057773074969703,-7.400259421636544e-05,1.5521965172079106,-2.574616947797388,0.29440086163449986,-7.003984571332911,0.011075998190364322
6.366666666666666,0.011066149139457224,0.7508291653552687,-0.0003372955240603461,-0.5201425160510793,2.437188454340715,-0.0024028635448022344,-0.0016794132287929475,-3.173656571566787e-06,-0.18976095416872507,0.5026830593822789,0.02581864469628356,0.004619128944499451,1.5428561541351235e-05,4.18911010217182,-9.884574387804498,0.12632361738327508,-6.9904321103337335,-0.015270837903658569
6.4,0.012553491399476018,0.7502908469610851,-0.0003358042784106211,-0.4941472963112115,2.369184167505617,-0.00150214429694011,-0.0005719262352179566,-3.934875590834409e-06,-0.05683379507693964,0.1743650068304894,0.004352151109417279,0.03910114635402451,-7.311557476185303e-06,4.336911695107426,-11.070913635808814,0.06269928394331965,-6.9614792123335,-0.027563938377522697
6.433333333333334,0.012639584604786378,0.751196847902425,-0.0003367745622806766,-0.47386823916165366,2.3059653107897784,-0.0019057372695490665,0.0013720320155872212,-2.6506428227260218e-06,0.0651764692512356,-0.1580263452347166,0.002288060903731959,0.08963027634406195,-0.0001905613064708987,3.516251406307121,-9.909713065822466,-0.007728218654539772,-6.962974297929229,-0.030759006227865336
6.466666666666667,0.011536361864406203,0.7501117495533343,-0.00033668220658811455,-0.5152010607228794,2.4308484925885074,-0.0026761357338471597,0.0018887829743694518,-6.908725382925244e-06,0.11157369618281676,-0.2926319997304989,0.04362200055315235,0.028366872600747328,1.2029356221243681e-05,1.418140618382159,-4.250488137011644,-0.21792610918696617,-6.9770871744823895,-0.02222608772560908
6.5,0.013209147162360197,0.750249593805119,-0.00033596415895512755,-0.4648917146346768,2.2965048224768023,0.0037355854441984155,-0.0008694387258298963,1.4588024825859958e-06,0.17214114841176312,-0.41896280716427303,0.05123540508311536,-0.08147846552605031,0.0001941755111111755,-2.0584580697876813,5.828171285618367,-0.30909340722976103,-6.987135902054707,-0.0021119204452226294
6.533333333333333,0.012782369241781619,0.7508175973004387,-0.00033672744324060556,-0.4664487695857505,2.296794204911513,0.003444575782214687,-0.002573490551146418,7.691037759456469e-06,0.07969232392203396,-0.1772596325433924,-0.008917364115793469,-0.08780710701916483,0.0002340431897036796,-4.321445611902046,11.916075142652545,-0.2378252801588321,-6.96576510452503,0.01606204113006056
6.566666666666666,0.011899902265141144,0.7506397032262737,-0.00033835893042425275,-0.4879864522793029,2.356390662951457,0.002681472867107978,-0.007301637398813288,9.009025317893216e-06,-0.09531666213919898,0.3258534986726116,-0.0069380056250183675,-0.12965465819473998,0.00019734634770022293,-4.567593739690153,13.138670476572983,-0.1408478675175599,-6.975470813531787,0.02711855568515563
6.6,0.012212462060230234,0.7502999643935488,-0.00033699215226047397,-0.48628161442680395,2.3504347574702313,-0.001233089020971299,-0.005951187873547759,1.4745487175287452e-05,-0.22238939079387765,0.6404567139429074,-0.065740744546536,0.006862943083852713,2.8683565757609865e-05,-2.266898323166533,5.765418748608639,0.01574062394067255,-7.004784834925879,0.028668901728104344
6.633333333333333,0.01190455469549939,0.7508640594408726,-0.00033587936183520104,-0.4899792688624974,2.356071076533612,-0.0034763806404638116,-0.0011487028386150122,7.922636500600107e-06,-0.20458796312151656,0.5400997885603642,-0.06907041624520366,0.15722091079033085,-0.00022630580194523634,1.6128448151007362,-5.761332026142135,0.13922946046916207,-7.0164940574309025,0.017678467372791516
6.666666666666667,0.012656506870965933,0.7503927879354176,-0.000334744937994143,-0.4914386809656205,2.367528423999158,-0.004533416975487935,0.0028702792792492104,-4.548021459114377e-06,-0.13349766530651752,0.3136016768822223,-0.009056298774769628,0.19175016884606855,-0.0004537406366634106,4.665525167411007,-14.018459536773584,0.15420162174802957,-6.997164481233889,-0.0002443504099378987
6.7,0.01317536105591438,0.7492533352814064,-0.0003353862408172111,-0.49140497456788734,2.374051326826737,0.00022019025181916133,0.007257896849519607,-1.3664444533597578e-05,0.09843904542169873,-0.32777200435172715,0.10482226833281136,0.17073497781077052,-0.00044248263256106875,6.683277009173349,-18.866519748187805,0.036859092189881246,-6.988519274405031,-0.015260551462671688
6.733333333333333,0.012535505496973841,0.749723182056751,-0.0003367904800498146,-0.4916118089821632,2.3718934435101935,0.0033018406836469033,0.009269438863220847,-2.4080624903543625e-05,0.25557598179291474,-0.7555950718634712,0.07414054273596818,0.06265609409836692,-0.0002598504131274314,3.683813575570751,-10.052939824367826,-0.10771660969484768,-6.99794384732697,-0.019046818457925677
6.766666666666667,0.011499567755997347,0.7508854951303776,-0.00033610451038310985,-0.5098485234819199,2.4112330231573633,0.0040681916259501134,0.008702735694248176,-2.4141868294093836e-05,0.27183137114365874,-0.7799604240074076,0.043046202280938195,-0.07461952097450464,0.00012581734987154956,-0.12202151287618435,1.0299690956671483,-0.19201636810704967,-7.008791579819487,-0.010038753870898847
6.8,0.012903557802151407,0.7509758540557002,-0.00033731861271931596,-0.4744986722400124,2.3190921325927425,0.005835515527396565,0.004666371105430778,-1.689177826510606e-05,0.22515476455798128,-0.6066367200521481,0.14215617386510654,-0.20380479214983538,0.00043977173071681804,-0.8584605080492764,4.302898174814523,-0.21468869795678885,-7.004682785163948,0.005300705525890131
6.833333333333333,0.011926665284105055,0.7518451904349857,-0.00033977612466807124,-0.471672020806315,2.2976471823690803,0.011373424476899489,-0.00034911019980921054,1.7229812367963054e-06,0.2649960194698581,-0.6690996354548358,0.08140887314272877,-0.2325112901173032,0.0006247635010421526,-2.6257777816506103,9.2407368676934,-0.1316274679682531,-6.997820851542296,0.018517592909693438
6.866666666666666,0.012697577742591096,0.7519580800517454,-0.00033980052375787395,-0.45324647654250955,2.249699019902801,0.01168693008969518,-0.004645900753173171,9.759968417695887e-06,0.2158660516613246,-0.5121393282569748,0.013315143917905142,-0.2018337478121932,0.00040791171814200024,-2.722269779564165,8.89430735106361,-0.03549186485998304,-6.976870138795756,0.022200995356912022
6.8999999999999995,0.013844748823695128,0.7505534876852312,-0.00033757101874719347,-0.4509895366567046,2.2598978631890825,0.0065783724234891785,-0.011388168403506538,1.7716613600734924e-05,-0.007143656427078149,0.12760740988175945,-0.14180873961868548,-0.07359924151722375,6.151493877698099e-05,-3.7264059344863654,9.964358798507803,0.03523851347161529,-6.939227918783511,0.01650272165750651
6.933333333333334,0.014726873231856176,0.7501424289124942,-0.0003366567579895391,-0.44457367245519513,2.2509986219722724,0.0012695055288345948,-0.014008748496162626,1.797282952367143e-05,-0.15155375929541565,0.5122553974546276,-0.3228624746668146,0.035279809944553264,-0.0002949340459561488,-6.055978180183963,14.98435973576462,0.11000943914775178,-6.970638282135074,0.006214329462447196
6.966666666666667,0.013008713390449999,0.7500334204498974,-0.0003373258054623582,-0.4763118674411819,2.329529011465035,-0.007406329904942353,-0.012083326122925397,1.1694351730433706e-05,-0.311402974075437,0.9034080577161128,-0.2913025855998278,0.14695080820710338,-0.0003691739899292718,-3.7501909841505388,7.920869042495681,0.0899646797112488,-6.974162956365663,-0.006335907449327398
7.0,0.013879387771661636,0.7487009282268992,-0.00033553654162466514,-0.4831674628671088,2.3640867791554774,-0.013382084885358669,-0.004802107667771116,6.961575649340902e-07,-0.32958328939821824,0.8767745788170795,-0.12110449494947556,0.2640086222183591,-0.0002802767347289863,1.133968103006021,-5.661775854148999,-0.013451857109681185,-6.967539370434591,-0.012526055193597445
7.033333333333333,0.01210085820882868,0.7512200652643996,-0.0003350454702590628,-0.4762595787703556,2.315587550627566,-0.014101600796115605,0.005097371416790342,-6.673348807432111e-06,-0.21463033292770817,0.4843519242159655,0.07691835441454542,0.25422186556814985,-0.00014853121348818322,4.5002092600110135,-13.756361369130701,-0.12208201986581572,-6.987527116233137,-0.010206616432870085
7.066666666666666,0.013006851448274816,0.7498458743521292,-0.0003382132905747993,-0.4748036858042729,2.325814288783874,-0.01082821527226434,0.01262304785574997,-9.496381252172578e-06,-0.06759845680771326,0.047806932583267736,0.24015589876500337,0.09316929611152958,6.43734313702949e-05,5.39695674238672,-14.291898977567143,-0.13471351243392035,-6.989072864728716,0.001524329808463852
7.1,0.012581953797071032,0.7496197545589615,-0.00033758743338026866,-0.48736309462859434,2.3601188989628294,-0.003301608091061701,0.012414035156258163,-5.600267324908385e-06,0.06209986907578324,-0.27062332265038047,0.24570542234358483,-0.06555591686009699,0.000248982988156227,3.520659158910181,-7.873627889831511,-0.0760732056396201,-6.975786524698207,0.014773057578677917
7.133333333333333,0.012430076053486006,0.7506387030198135,-0.00033709520882152966,-0.47684864037831654,2.322982211506183,0.003335175332756249,0.00672639644268036,1.8678032580654374e-06,0.12280070143540478,-0.3665753696713776,0.15233991557656124,-0.15567052876695087,0.0003523246120352517,0.4845887056429987,0.7834021378782126,-0.06136849205703675,-6.98803859143478,0.019039242304634947
7.166666666666667,0.010508358915502676,0.7503611045714019,-0.00033817240240956815,-0.5268560858546181,2.4546068938095025,0.006234104815624737,0.0005922100718411816,1.14763886077166e-05,0.09887301731681708,-0.23567664938864086,0.042684288446843355,-0.19586392517663143,0.00025954327229689694,-1.6430183360945882,6.115056759497676,0.037999380552174555,-6.990831415975522,0.01571381463273892
7.2,0.01228991165854737,0.7508436627529729,-0.0003354495600526865,-0.4931771119714563,2.369369452250191,0.0062940016467324476,-0.004632014032031284,1.90834685432755e-05,0.027017870925832188,-0.0003189505099236989,-0.061408161266972155,-0.1505174771564164,-2.8073096995695317e-05,-1.9161478630802193,5.7684977199967875,0.14592471361223494,-7.064035691221078,0.00752461869650682
7.233333333333333,0.013802299141095452,0.7509680406656413,-0.00033557988261181005,-0.4539513809600255,2.2665429975144136,0.004899407559053147,-0.007362446012572077,1.608850025074744e-05,0.00048160835982247185,0.07723132112991693,-0.15389718952728204,-0.03320099834489554,-0.00023015349787045263,-2.1073833938436373,4.945434950854747,0.0851867644505587,-7.033357430177195,-0.0018126792289546532
7.266666666666667,0.013246915181771075,0.7513632678924987,-0.0003346863940875548,-0.44910141543048654,2.245100936034477,-0.0005747845923506564,-0.005192051024427213,6.126056986575684e-06,-0.039930075794960995,0.13595381561113418,-0.09388383874192999,0.049809735648121745,-0.00028424112564480724,-0.4536272164696449,0.23565709177995586,-0.012537676837727217,-6.959984862695674,-0.009976853528804468
7.3,0.012796693313200734,0.7504003802049163,-0.0003379279627438641,-0.4763125169767393,2.3259243588463385,-0.002672709303156341,-0.0016716958031728346,-3.389623759065467e-06,-0.017085683299796983,0.03271747232932776,-0.052992727499062836,0.129084617518604,-0.0002825732977696392,0.6076388357961875,-2.8736523892958985,-0.09457737567782015,-6.999850678475467,-0.009468206993385232
7.333333333333333,0.01184024380949094,0.7493238922702495,-0.00033451813617693676,-0.5196296863326977,2.4503558734866187,-0.0031096159384043833,0.002005810475851577,-1.0974001757980121e-05,0.018430841167670353,-0.09315094959880721,-0.01752330657258186,0.19409954507508687,-0.00022284983775915698,1.5121264040665103,-5.501450662548024,-0.04918243906981336,-6.978177856248275,0.0012807771673339567
7.366666666666666,0.012409842546210094,0.7494980172317063,-0.00033570614573021925,-0.492962393835033,2.3756749646682067,-0.0030284214276834805,0.006824633110326883,-1.726169602961835e-05,0.05990350527489552,-0.23653934933064846,0.026701428162918872,0.16792410829849658,-5.611219577320633e-05,1.8563209719713036,-5.988237439626658,-0.105833194002944,-6.976630647710712,0.01027502825953825
7.3999999999999995,0.012442579364018857,0.7504632965444052,-0.00033549905285204176,-0.4789684451638274,2.330155183381997,-0.0033221265388253037,0.009921016650470738,-1.8366061479680525e-05,0.06892021468921561,-0.27940944142483204,0.10179177160542296,0.09550863198692028,9.780465290013061e-05,2.5329625391301356,-6.973937312905122,-0.028855510012028594,-7.016023715521075,0.016906376729878544
7.433333333333334,0.012481309376496524,0.7516052914702267,-0.0003376245932316272,-0.462706563037524,2.2772660684588018,-0.00014747070808500407,0.01091089905247522,-1.2433092647679196e-05,0.11613331501047375,-0.39373443536685393,0.06836935102330066,-0.003797945687065152,8.940682269842435e-05,1.2508508907042177,-3.054315792455185,-0.052888934663047754,-6.981764502335842,0.013613558037862312
7.466666666666667,0.012481309376496524,0.7516052914702267,-0.00033782467319661306,-0.46694040733859726,2.289869658670166,0.0007808802438796919,0.012033539178568309,-8.18175202843476e-06,0.15223569895265368,-0.4972648636362127,0.05871075215384802,-0.18550019957438835,9.330267365161102e-05,-1.1900861671407306,4.901293776952485,0.04143438800056344,-6.943528066224456,0.006723512048123567
